ID,First Name,Last Name,email
1,Cally,Whaley,cwhaley0@sitemeter.com
2,Hermon,Melwall,hmelwall1@jalbum.net
3,Keelby,Farnan,kfarnan2@opera.com
4,Idaline,Ashtonhurst,iashtonhurst3@usatoday.com
5,Enoch,Dabs,edabs4@wikipedia.org
6,Aubert,Rupp,arupp5@seattletimes.com
7,Eziechiele,Storrar,estorrar6@alexa.com
8,Asher,Dowthwaite,adowthwaite7@tuttocitta.it
9,Charlie,Chawner,cchawner8@studiopress.com
10,Carmencita,Lindback,clindback9@is.gd
11,Abraham,Snashall,asnashalla@wisc.edu
12,Shirlene,Featherstonhaugh,sfeatherstonhaughb@addthis.com
13,Juliette,McPhillips,jmcphillipsc@state.gov
14,Irene,Edgeson,iedgesond@nih.gov
15,Thom,Ruckman,truckmane@cornell.edu
16,Bran,Fayers,bfayersf@tmall.com
17,Kesley,Crufts,kcruftsg@reverbnation.com
18,Nanny,Kilkenny,nkilkennyh@sakura.ne.jp
19,Virgil,Doram,vdorami@cornell.edu
20,Dermot,Powers,dpowersj@nationalgeographic.com
21,Paul,Prosch,pproschk@eventbrite.com
22,Wilmer,Vittle,wvittlel@dagondesign.com
23,Jaine,Mashro,jmashrom@com.com
24,Rufe,Gong,rgongn@stanford.edu
25,Romona,Dobbyn,rdobbyno@wunderground.com
26,Ingram,Doreward,idorewardp@deliciousdays.com
27,Alfie,Russan,arussanq@sina.com.cn
28,Berkly,Cabera,bcaberar@soup.io
29,Jemmie,Waghorne,jwaghornes@nbcnews.com
30,Reidar,Wait,rwaitt@who.int
31,Micki,Panswick,mpanswicku@samsung.com
32,Ash,Sayse,asaysev@weibo.com
33,Angel,Snelman,asnelmanw@hexun.com
34,Lauritz,Barts,lbartsx@wikipedia.org
35,Arel,Bamlett,abamletty@live.com
36,Andros,Kassel,akasselz@myspace.com
37,Kellen,Forward,kforward10@jigsy.com
38,Aube,Janiszewski,ajaniszewski11@twitter.com
39,Josey,Jerrams,jjerrams12@artisteer.com
40,Roman,Manntschke,rmanntschke13@devhub.com
41,Astra,Heartfield,aheartfield14@soup.io
42,Wilburt,Hairon,whairon15@si.edu
43,Justinian,Deavall,jdeavall16@stumbleupon.com
44,Loreen,Essberger,lessberger17@zimbio.com
45,Annie,Gaffney,agaffney18@paginegialle.it
46,Gabriela,Ashplant,gashplant19@jiathis.com
47,Abramo,Darinton,adarinton1a@zdnet.com
48,Denice,Tolomelli,dtolomelli1b@skyrock.com
49,Carena,Ygou,cygou1c@bizjournals.com
50,Fredrika,Yoakley,fyoakley1d@archive.org
51,Killy,Terrans,kterrans1e@wikispaces.com
52,Karleen,Terzo,kterzo1f@themeforest.net
53,Anthe,Gilston,agilston1g@patch.com
54,Mignonne,Windle,mwindle1h@ustream.tv
55,Juan,Matterface,jmatterface1i@google.co.uk
56,Boothe,Senescall,bsenescall1j@reverbnation.com
57,Almeda,Gumby,agumby1k@uiuc.edu
58,Flemming,Nardoni,fnardoni1l@trellian.com
59,Sanderson,Janney,sjanney1m@dailymail.co.uk
60,Tomasine,Barniss,tbarniss1n@typepad.com
61,Valenka,Daskiewicz,vdaskiewicz1o@so-net.ne.jp
62,Orlando,de Courcey,odecourcey1p@oracle.com
63,Ellene,Kinzel,ekinzel1q@exblog.jp
64,Griswold,Grunbaum,ggrunbaum1r@apache.org
65,Wallace,Preddle,wpreddle1s@tiny.cc
66,Frannie,Massingham,fmassingham1t@vkontakte.ru
67,Lorenza,Vlach,lvlach1u@cloudflare.com
68,Zebulen,Truett,ztruett1v@state.gov
69,William,McCaughey,wmccaughey1w@techcrunch.com
70,Joscelin,Ambroziak,jambroziak1x@businesswire.com
71,Edgar,Riddock,eriddock1y@cocolog-nifty.com
72,Alford,Shotton,ashotton1z@tmall.com
73,Cale,Cockman,ccockman20@independent.co.uk
74,Peder,Buckner,pbuckner21@webeden.co.uk
75,Adele,Garnett,agarnett22@alexa.com
76,Jane,Ilyukhov,jilyukhov23@google.it
77,Lukas,Arenson,larenson24@wufoo.com
78,Javier,Scipsey,jscipsey25@businessinsider.com
79,Britni,Founds,bfounds26@msn.com
80,Woody,Champley,wchampley27@reverbnation.com
81,Davida,Smythe,dsmythe28@fc2.com
82,Marci,Mathou,mmathou29@unicef.org
83,Toddy,Logue,tlogue2a@spiegel.de
84,Hadrian,Govan,hgovan2b@google.fr
85,Elvin,Grimolbie,egrimolbie2c@utexas.edu
86,Jonis,Flacke,jflacke2d@devhub.com
87,Lorne,Rowswell,lrowswell2e@foxnews.com
88,Derry,Dickey,ddickey2f@mediafire.com
89,Barrett,Glowacha,bglowacha2g@economist.com
90,Dixie,Sakins,dsakins2h@imgur.com
91,Payton,Yeoman,pyeoman2i@tinypic.com
92,Janos,Piet,jpiet2j@flickr.com
93,Romeo,Garrish,rgarrish2k@virginia.edu
94,Orella,Shrieves,oshrieves2l@marriott.com
95,Lisetta,Gameson,lgameson2m@last.fm
96,Vevay,McPhelimey,vmcphelimey2n@networkadvertising.org
97,Rollie,Kennington,rkennington2o@technorati.com
98,Kippie,Vousden,kvousden2p@cbsnews.com
99,Leodora,Dallaghan,ldallaghan2q@hugedomains.com
100,Sayre,Salerg,ssalerg2r@issuu.com
101,Alessandra,Martino,amartino2s@bbc.co.uk
102,Guntar,Stare,gstare2t@bing.com
103,Demetria,Hamner,dhamner2u@ustream.tv
104,Regan,Plaid,rplaid2v@google.de
105,Belva,Hevey,bhevey2w@google.cn
106,Betti,Armitage,barmitage2x@hugedomains.com
107,Loutitia,Guiducci,lguiducci2y@symantec.com
108,Bonni,Grimoldby,bgrimoldby2z@xing.com
109,Booth,Shayes,bshayes30@facebook.com
110,Rebekkah,Rooper,rrooper31@surveymonkey.com
111,Abey,Springer,aspringer32@lycos.com
112,Garrik,Hynard,ghynard33@hostgator.com
113,Gearalt,Weatherby,gweatherby34@theatlantic.com
114,Albertine,Eley,aeley35@deliciousdays.com
115,Dionisio,Tuison,dtuison36@google.com.au
116,Hoyt,Flaws,hflaws37@mapy.cz
117,Martino,Rayne,mrayne38@shareasale.com
118,Valencia,Leavens,vleavens39@sphinn.com
119,Brander,Oade,boade3a@elpais.com
120,Emlynne,Kislingbury,ekislingbury3b@homestead.com
121,Rudyard,Cromly,rcromly3c@dedecms.com
122,Rebeka,Gratrex,rgratrex3d@feedburner.com
123,Kamila,Gainsburgh,kgainsburgh3e@shinystat.com
124,Ashton,Kynforth,akynforth3f@issuu.com
125,Bradford,Hollibone,bhollibone3g@hugedomains.com
126,Maryl,Boseley,mboseley3h@odnoklassniki.ru
127,Phylys,Farguhar,pfarguhar3i@vistaprint.com
128,Osbourne,Zealander,ozealander3j@cbslocal.com
129,Elmo,McFall,emcfall3k@tripadvisor.com
130,Inger,Stansell,istansell3l@ca.gov
131,Mandi,Osborne,mosborne3m@edublogs.org
132,Lorne,Kerin,lkerin3n@sakura.ne.jp
133,Erica,McAline,emcaline3o@vinaora.com
134,Romeo,Karpov,rkarpov3p@icio.us
135,Kalvin,O'Lunney,kolunney3q@drupal.org
136,Sheri,Daveren,sdaveren3r@slate.com
137,Robinia,Eye,reye3s@comcast.net
138,Herb,Helleker,hhelleker3t@google.cn
139,Shelagh,Shaw,sshaw3u@indiegogo.com
140,Siouxie,Kenwyn,skenwyn3v@digg.com
141,Natty,Batchellor,nbatchellor3w@usda.gov
142,Aimee,Kenrack,akenrack3x@w3.org
143,Tarrance,Bennis,tbennis3y@rakuten.co.jp
144,Honor,Joysey,hjoysey3z@geocities.jp
145,Addi,Capner,acapner40@freewebs.com
146,Orin,Merit,omerit41@barnesandnoble.com
147,Leif,McQuaker,lmcquaker42@opensource.org
148,Nicolais,Woolfenden,nwoolfenden43@mayoclinic.com
149,Kendrick,Pickance,kpickance44@mapy.cz
150,Cyndi,Kinig,ckinig45@google.com
151,Edvard,Olphert,eolphert46@redcross.org
152,Daryle,Joll,djoll47@nature.com
153,Bertram,Toffoletto,btoffoletto48@a8.net
154,Caldwell,Gittose,cgittose49@wordpress.com
155,Conrado,Salvidge,csalvidge4a@go.com
156,Eldin,Folk,efolk4b@g.co
157,Lenard,Breede,lbreede4c@walmart.com
158,Rubin,Delahunty,rdelahunty4d@statcounter.com
159,Berthe,Keary,bkeary4e@pagesperso-orange.fr
160,Kippy,Pickersail,kpickersail4f@ifeng.com
161,Iolande,Huntington,ihuntington4g@storify.com
162,Cody,Bygott,cbygott4h@sbwire.com
163,Hercule,Yallop,hyallop4i@jalbum.net
164,Isabelle,McOmish,imcomish4j@surveymonkey.com
165,Toddy,Dennison,tdennison4k@skyrock.com
166,Valera,Hedgecock,vhedgecock4l@gizmodo.com
167,Dillon,Statter,dstatter4m@nydailynews.com
168,Aurea,Matyushkin,amatyushkin4n@businessweek.com
169,Maire,Crielly,mcrielly4o@globo.com
170,Korrie,Gilcriest,kgilcriest4p@163.com
171,Joellen,Dawid,jdawid4q@ning.com
172,Alistair,Holmyard,aholmyard4r@disqus.com
173,Gregory,Heeps,gheeps4s@webs.com
174,Gwenneth,Pyford,gpyford4t@indiegogo.com
175,Brandtr,Keeting,bkeeting4u@walmart.com
176,Rosalyn,Gaunter,rgaunter4v@photobucket.com
177,Carey,Meffen,cmeffen4w@barnesandnoble.com
178,Pietrek,Dalglish,pdalglish4x@sohu.com
179,Kennett,Greaser,kgreaser4y@microsoft.com
180,Galven,Chaytor,gchaytor4z@clickbank.net
181,Shelley,Shird,sshird50@dagondesign.com
182,Trever,McCree,tmccree51@digg.com
183,Rosaleen,Boyles,rboyles52@yolasite.com
184,Karlee,Gimenez,kgimenez53@bloglovin.com
185,Shandeigh,Shrubshall,sshrubshall54@macromedia.com
186,Robbie,Zuan,rzuan55@chronoengine.com
187,Nathaniel,McGlone,nmcglone56@tinypic.com
188,Tabbatha,Blumson,tblumson57@symantec.com
189,Oberon,McQuin,omcquin58@msu.edu
190,Riane,Zealey,rzealey59@indiegogo.com
191,Latashia,Grisley,lgrisley5a@1688.com
192,Constantino,Allenby,callenby5b@lycos.com
193,Edwina,Pinchback,epinchback5c@imgur.com
194,Ignace,Dollman,idollman5d@amazon.co.jp
195,Agustin,Gott,agott5e@ihg.com
196,Jordanna,Casine,jcasine5f@dyndns.org
197,Maria,Place,mplace5g@domainmarket.com
198,Hilda,Bush,hbush5h@theguardian.com
199,Fayth,Rampton,frampton5i@shinystat.com
200,Shermy,Edmott,sedmott5j@joomla.org
201,Jackie,Snibson,jsnibson5k@ow.ly
202,Carol-jean,Gariff,cgariff5l@imgur.com
203,Stinky,Menloe,smenloe5m@nature.com
204,Lennard,Cisec,lcisec5n@seesaa.net
205,Zabrina,Yorath,zyorath5o@usgs.gov
206,Nancee,Addenbrooke,naddenbrooke5p@tinyurl.com
207,Bernetta,Hardbattle,bhardbattle5q@360.cn
208,Goldarina,Cote,gcote5r@cnn.com
209,Madlen,Pepis,mpepis5s@altervista.org
210,Dorelia,Feitosa,dfeitosa5t@huffingtonpost.com
211,Ernest,Collecott,ecollecott5u@harvard.edu
212,Brooke,Mengue,bmengue5v@gravatar.com
213,Mace,Cosgry,mcosgry5w@dedecms.com
214,Dana,Goldson,dgoldson5x@ucsd.edu
215,Rania,Mary,rmary5y@cbslocal.com
216,Marlena,Batalle,mbatalle5z@networksolutions.com
217,Townsend,Cramb,tcramb60@discovery.com
218,Marlane,Preece,mpreece61@ca.gov
219,Deloris,Stailey,dstailey62@springer.com
220,Bud,Bandiera,bbandiera63@state.tx.us
221,Edi,Jerrams,ejerrams64@nba.com
222,Katey,Peplay,kpeplay65@ocn.ne.jp
223,Daryn,Warfield,dwarfield66@slashdot.org
224,Danyette,Twells,dtwells67@acquirethisname.com
225,Granger,Jamot,gjamot68@flavors.me
226,Mata,Marc,mmarc69@woothemes.com
227,Drud,Epgrave,depgrave6a@mediafire.com
228,Thacher,Stratiff,tstratiff6b@noaa.gov
229,Bessie,Matussevich,bmatussevich6c@netscape.com
230,Rachael,Silvermann,rsilvermann6d@theatlantic.com
231,Sonnie,Thomerson,sthomerson6e@multiply.com
232,Marcelline,Yude,myude6f@bizjournals.com
233,Zandra,Blanckley,zblanckley6g@nifty.com
234,Tawnya,Munday,tmunday6h@newsvine.com
235,Marion,Ashton,mashton6i@wordpress.com
236,Rasla,Van den Velde,rvandenvelde6j@wsj.com
237,Lenette,Tawse,ltawse6k@newsvine.com
238,Mirabella,Draude,mdraude6l@walmart.com
239,Angelico,Igounet,aigounet6m@friendfeed.com
240,Pippy,Tchaikovsky,ptchaikovsky6n@forbes.com
241,Morgan,Passfield,mpassfield6o@bluehost.com
242,Andra,Siemens,asiemens6p@so-net.ne.jp
243,Angelico,Dhennin,adhennin6q@reverbnation.com
244,Jessica,Jeandillou,jjeandillou6r@nature.com
245,Cindelyn,Bathoe,cbathoe6s@techcrunch.com
246,Korie,McOwen,kmcowen6t@hud.gov
247,Agretha,Woodcraft,awoodcraft6u@instagram.com
248,Eugine,Strain,estrain6v@photobucket.com
249,Laughton,Renol,lrenol6w@irs.gov
250,Tobiah,Vallintine,tvallintine6x@umich.edu
251,Swen,Tregidgo,stregidgo6y@ocn.ne.jp
252,Sallee,Unger,sunger6z@netlog.com
253,Fons,Frankes,ffrankes70@independent.co.uk
254,Derrik,Mindenhall,dmindenhall71@networksolutions.com
255,Putnem,MacCostigan,pmaccostigan72@cmu.edu
256,Meade,Sharram,msharram73@hc360.com
257,Angelle,Scade,ascade74@uiuc.edu
258,Kippar,Didball,kdidball75@nationalgeographic.com
259,Linn,Kenn,lkenn76@blog.com
260,Orville,Bowdidge,obowdidge77@oaic.gov.au
261,Efren,Gelder,egelder78@businessinsider.com
262,Kristo,Gelletly,kgelletly79@ameblo.jp
263,Valerye,Baike,vbaike7a@addthis.com
264,Bella,McRory,bmcrory7b@soundcloud.com
265,Jack,Challinor,jchallinor7c@xinhuanet.com
266,Dion,Bande,dbande7d@deliciousdays.com
267,Rosalind,Govern,rgovern7e@xrea.com
268,Dalis,Annis,dannis7f@webs.com
269,Hedwiga,Hunnywell,hhunnywell7g@delicious.com
270,Manolo,Duddin,mduddin7h@economist.com
271,Des,Annett,dannett7i@auda.org.au
272,Gherardo,O'Criane,gocriane7j@skype.com
273,Mamie,Kubatsch,mkubatsch7k@fda.gov
274,Boote,Meus,bmeus7l@boston.com
275,Saunders,Byatt,sbyatt7m@howstuffworks.com
276,Malina,Wardesworth,mwardesworth7n@skype.com
277,Lindsey,Renachowski,lrenachowski7o@theatlantic.com
278,Zilvia,Byway,zbyway7p@fastcompany.com
279,Juana,Milkins,jmilkins7q@bravesites.com
280,Cristin,Gledstane,cgledstane7r@shop-pro.jp
281,Rodolphe,Bilson,rbilson7s@eventbrite.com
282,Darsey,Cargon,dcargon7t@stumbleupon.com
283,Omero,Denial,odenial7u@cbsnews.com
284,Dorita,Duns,dduns7v@rakuten.co.jp
285,Shelley,Ditchburn,sditchburn7w@mysql.com
286,Hazlett,Kermath,hkermath7x@state.gov
287,Parnell,Rockey,prockey7y@npr.org
288,Zuzana,Lawton,zlawton7z@vk.com
289,Gale,de Mendoza,gdemendoza80@chicagotribune.com
290,Renelle,Knight,rknight81@pbs.org
291,Lin,Steward,lsteward82@addthis.com
292,Jeanette,Moline,jmoline83@cargocollective.com
293,Myron,Cridge,mcridge84@arstechnica.com
294,Cassondra,Dripp,cdripp85@vimeo.com
295,Malvina,Ebbs,mebbs86@ucoz.com
296,Diena,Formilli,dformilli87@merriam-webster.com
297,Farr,Stickles,fstickles88@usgs.gov
298,Danny,Morffew,dmorffew89@webs.com
299,Reinhard,Macklam,rmacklam8a@ft.com
300,Tobie,Showler,tshowler8b@artisteer.com
301,Gareth,Davidov,gdavidov8c@diigo.com
302,Lizbeth,Trobridge,ltrobridge8d@usa.gov
303,Peyton,Westphalen,pwestphalen8e@mtv.com
304,Garey,McTrustrie,gmctrustrie8f@intel.com
305,Morry,Chasney,mchasney8g@vistaprint.com
306,Alene,Snawden,asnawden8h@samsung.com
307,Kaleb,Rau,krau8i@hp.com
308,Demetre,Zoppo,dzoppo8j@weather.com
309,Ermanno,Brosh,ebrosh8k@godaddy.com
310,Clemmy,Georghiou,cgeorghiou8l@joomla.org
311,Iorgo,Raeburn,iraeburn8m@ted.com
312,Loren,Ritmeyer,lritmeyer8n@fotki.com
313,Slade,Warbeys,swarbeys8o@tripod.com
314,Karel,Gier,kgier8p@goo.ne.jp
315,Vallie,Troyes,vtroyes8q@yahoo.co.jp
316,Jasun,Copson,jcopson8r@sbwire.com
317,Chen,Haye,chaye8s@dedecms.com
318,Allin,Matiebe,amatiebe8t@plala.or.jp
319,Alisun,Goodwyn,agoodwyn8u@youku.com
320,Hew,Tooth,htooth8v@bluehost.com
321,Brit,Tritton,btritton8w@php.net
322,Krisha,Koche,kkoche8x@hao123.com
323,Leone,Kleszinski,lkleszinski8y@blogtalkradio.com
324,Kevin,McAtamney,kmcatamney8z@tripadvisor.com
325,Alvis,Kneel,akneel90@icio.us
326,Ellis,Feakins,efeakins91@msu.edu
327,Connie,Cahalin,ccahalin92@nature.com
328,Gonzales,Buche,gbuche93@canalblog.com
329,Worthington,Morforth,wmorforth94@e-recht24.de
330,Kylie,Hollow,khollow95@reference.com
331,Napoleon,Cully,ncully96@google.de
332,Cindi,Tuffield,ctuffield97@topsy.com
333,Pooh,Abraham,pabraham98@trellian.com
334,Catharine,Merrilees,cmerrilees99@theatlantic.com
335,Marita,Buzza,mbuzza9a@rakuten.co.jp
336,Yvonne,Bottle,ybottle9b@hc360.com
337,Laurens,Pointer,lpointer9c@wired.com
338,Dani,Simondson,dsimondson9d@multiply.com
339,Lucila,Mylchreest,lmylchreest9e@moonfruit.com
340,Kennie,Straun,kstraun9f@discovery.com
341,Karrie,Lydall,klydall9g@marriott.com
342,Jody,Eynald,jeynald9h@histats.com
343,Roland,Wardrope,rwardrope9i@phpbb.com
344,Viv,Ewbanck,vewbanck9j@mapy.cz
345,Del,Brian,dbrian9k@usa.gov
346,Tara,Glew,tglew9l@hibu.com
347,Manuel,Coch,mcoch9m@newyorker.com
348,Kyrstin,Arch,karch9n@shareasale.com
349,Alexandre,Hubbucks,ahubbucks9o@jalbum.net
350,Harvey,Sterman,hsterman9p@kickstarter.com
351,Denice,Aylward,daylward9q@yahoo.co.jp
352,Delano,Bassill,dbassill9r@howstuffworks.com
353,Eb,Arends,earends9s@google.com
354,Georas,Macallam,gmacallam9t@dion.ne.jp
355,Dal,Srawley,dsrawley9u@mayoclinic.com
356,Theo,Fortnum,tfortnum9v@ustream.tv
357,Norris,Daddow,ndaddow9w@linkedin.com
358,Tremaine,Wield,twield9x@auda.org.au
359,Genni,Georgeau,ggeorgeau9y@hhs.gov
360,Ulick,McNish,umcnish9z@mozilla.org
361,Geraldine,Demicoli,gdemicolia0@engadget.com
362,Warde,Goalley,wgoalleya1@umn.edu
363,Tricia,Maggill'Andreis,tmaggillandreisa2@taobao.com
364,Nealy,Dwelley,ndwelleya3@cocolog-nifty.com
365,Lawton,Roman,lromana4@apache.org
366,Sherri,Govenlock,sgovenlocka5@symantec.com
367,Griswold,Leming,gleminga6@nature.com
368,Nonnah,Queste,nquestea7@sciencedirect.com
369,Humfried,Lenham,hlenhama8@amazonaws.com
370,Mac,Ledley,mledleya9@bbc.co.uk
371,Susi,Strudwick,sstrudwickaa@theatlantic.com
372,Angie,Mallabar,amallabarab@jiathis.com
373,Gertrude,MacQuaker,gmacquakerac@imdb.com
374,Kelby,Waples,kwaplesad@networksolutions.com
375,Delila,Cushworth,dcushworthae@godaddy.com
376,Marcelle,Feragh,mferaghaf@bandcamp.com
377,Chicky,Basnall,cbasnallag@cdc.gov
378,Thorstein,Maryman,tmarymanah@msu.edu
379,Coralyn,Danbye,cdanbyeai@uol.com.br
380,Pru,Torre,ptorreaj@weebly.com
381,Modestine,Murty,mmurtyak@w3.org
382,Dee dee,Mervyn,dmervynal@liveinternet.ru
383,Dollie,Joreau,djoreauam@hibu.com
384,Costanza,Ertelt,certeltan@bluehost.com
385,Rafaello,Aymeric,raymericao@indiatimes.com
386,Reginauld,Gennerich,rgennerichap@marketwatch.com
387,Tymon,Inns,tinnsaq@wunderground.com
388,Harp,Ortas,hortasar@spiegel.de
389,Berrie,Newnham,bnewnhamas@sfgate.com
390,Deana,Laughton,dlaughtonat@statcounter.com
391,Nikki,Everall,neverallau@cornell.edu
392,Laureen,Leidl,lleidlav@va.gov
393,Bryna,Cops,bcopsaw@goodreads.com
394,Alexa,Simoncello,asimoncelloax@cdc.gov
395,Zilvia,Dibley,zdibleyay@storify.com
396,Simeon,Bote,sboteaz@senate.gov
397,Temple,Hailey,thaileyb0@shinystat.com
398,Gunther,Valdes,gvaldesb1@umn.edu
399,Barri,Gabits,bgabitsb2@t-online.de
400,Kristoforo,Currell,kcurrellb3@redcross.org
401,Kathie,Willshire,kwillshireb4@reverbnation.com
402,Vail,Gilchrist,vgilchristb5@businessinsider.com
403,Boonie,Crocket,bcrocketb6@wordpress.org
404,Marmaduke,Poplee,mpopleeb7@google.fr
405,Anna-diane,Boddice,aboddiceb8@ycombinator.com
406,Adriane,Quested,aquestedb9@whitehouse.gov
407,Ollie,Relfe,orelfeba@youku.com
408,Anselm,Aguilar,aaguilarbb@theatlantic.com
409,Blake,Huncoot,bhuncootbc@wordpress.org
410,Rosamond,Rizzone,rrizzonebd@springer.com
411,Evered,Campkin,ecampkinbe@barnesandnoble.com
412,Jae,Dallicoat,jdallicoatbf@bbc.co.uk
413,Abigale,Endacott,aendacottbg@cmu.edu
414,Dorrie,Giovanetti,dgiovanettibh@pen.io
415,Kristofer,Ropars,kroparsbi@quantcast.com
416,Kristofor,Loosely,klooselybj@boston.com
417,Gustie,Guilbert,gguilbertbk@edublogs.org
418,Batsheva,Phinn,bphinnbl@umich.edu
419,Binky,Jiroutka,bjiroutkabm@engadget.com
420,Gerrie,D'eye,gdeyebn@auda.org.au
421,Koenraad,Skaif,kskaifbo@discuz.net
422,Kipp,Godon,kgodonbp@discuz.net
423,Filippo,Garbar,fgarbarbq@webmd.com
424,Zacherie,Forster,zforsterbr@delicious.com
425,Yancey,Meineken,ymeinekenbs@tumblr.com
426,Wait,LeEstut,wleestutbt@imageshack.us
427,Benny,Tale,btalebu@samsung.com
428,Daryle,Fawdry,dfawdrybv@trellian.com
429,Olympia,Elderidge,oelderidgebw@loc.gov
430,Markus,Chesman,mchesmanbx@ted.com
431,Katlin,Gawthrope,kgawthropeby@fc2.com
432,Darleen,Maciaszek,dmaciaszekbz@freewebs.com
433,Breena,Hixley,bhixleyc0@google.com.hk
434,Roley,Seifenmacher,rseifenmacherc1@prnewswire.com
435,Rosa,Vicioso,rviciosoc2@webnode.com
436,Gibb,Dohms,gdohmsc3@pinterest.com
437,Rhett,Pinsent,rpinsentc4@apple.com
438,Stefano,Cullivan,scullivanc5@zdnet.com
439,Mohammed,Brisley,mbrisleyc6@bandcamp.com
440,Sharon,Hansell,shansellc7@umich.edu
441,Miguelita,Canizares,mcanizaresc8@123-reg.co.uk
442,Carleton,Donnison,cdonnisonc9@blogspot.com
443,Ingrid,holmes,iholmesca@wsj.com
444,Geoffrey,Feeham,gfeehamcb@phoca.cz
445,Archibaldo,Rabier,arabiercc@drupal.org
446,Megen,Coffin,mcoffincd@usgs.gov
447,Bellanca,Zwicker,bzwickerce@cdc.gov
448,Robbi,Nickerson,rnickersoncf@pbs.org
449,Ana,Wrey,awreycg@vistaprint.com
450,Catarina,Sankey,csankeych@themeforest.net
451,Franni,Lanchbery,flanchberyci@biblegateway.com
452,Ardyth,Dumbleton,adumbletoncj@wiley.com
453,Waylon,Featherstone,wfeatherstoneck@fotki.com
454,Jacquelynn,Dawdry,jdawdrycl@domainmarket.com
455,Price,Sexton,psextoncm@ifeng.com
456,Marnie,Kropach,mkropachcn@tinyurl.com
457,Odelle,Cottrill,ocottrillco@eepurl.com
458,Eberhard,Houlden,ehouldencp@samsung.com
459,Raynell,Claricoats,rclaricoatscq@oaic.gov.au
460,Nerti,Shattock,nshattockcr@booking.com
461,Julia,Hache,jhachecs@squarespace.com
462,Veronique,Thoumasson,vthoumassonct@indiatimes.com
463,Esra,Herche,eherchecu@geocities.jp
464,Gradey,Lightbourne,glightbournecv@jimdo.com
465,Nathalia,Yacobsohn,nyacobsohncw@java.com
466,Padraig,Gloyens,pgloyenscx@imdb.com
467,Ninon,Wims,nwimscy@ihg.com
468,Carlyle,Costall,ccostallcz@un.org
469,Damara,Agnew,dagnewd0@simplemachines.org
470,Aretha,Ozintsev,aozintsevd1@google.com.au
471,Jessy,Twohig,jtwohigd2@gov.uk
472,Walt,Jandak,wjandakd3@hugedomains.com
473,Nita,Fleisch,nfleischd4@liveinternet.ru
474,Ginnie,Isoldi,gisoldid5@theatlantic.com
475,Josiah,Eytel,jeyteld6@creativecommons.org
476,Weylin,Floodgate,wfloodgated7@ed.gov
477,Della,Ghidelli,dghidellid8@yellowpages.com
478,Marve,Tuft,mtuftd9@spotify.com
479,Donny,Ettles,dettlesda@answers.com
480,Nara,Chivers,nchiversdb@imageshack.us
481,Noble,Renzullo,nrenzullodc@wiley.com
482,Elton,Arpin,earpindd@discovery.com
483,Joanna,Kitt,jkittde@t.co
484,Dorey,Duke,ddukedf@ucla.edu
485,Dee dee,Orro,dorrodg@squidoo.com
486,Pieter,Bagott,pbagottdh@netvibes.com
487,Otto,Mapples,omapplesdi@springer.com
488,Natalee,Pauel,npaueldj@themeforest.net
489,Jasun,Dunbleton,jdunbletondk@gizmodo.com
490,Loleta,Halwill,lhalwilldl@privacy.gov.au
491,Jerrold,Waszkiewicz,jwaszkiewiczdm@free.fr
492,Jany,Manvell,jmanvelldn@va.gov
493,Carlen,Gorch,cgorchdo@behance.net
494,Kalila,Cornejo,kcornejodp@huffingtonpost.com
495,Jenine,Hazley,jhazleydq@printfriendly.com
496,Mycah,Dunkerley,mdunkerleydr@gov.uk
497,Merci,Tettersell,mtettersellds@webs.com
498,Britt,Diggar,bdiggardt@pinterest.com
499,Onofredo,Sanpher,osanpherdu@dmoz.org
500,Tani,Wane,twanedv@mail.ru
501,Fayina,Kraut,fkrautdw@histats.com
502,Gisella,Shepherdson,gshepherdsondx@dyndns.org
503,Lisa,FitzGibbon,lfitzgibbondy@paginegialle.it
504,Roxi,Bogey,rbogeydz@jigsy.com
505,Leonelle,Olford,lolforde0@hostgator.com
506,Uriel,Prickett,uprickette1@slate.com
507,Kalle,Riediger,kriedigere2@jimdo.com
508,Bernete,Capstack,bcapstacke3@1und1.de
509,Pandora,Hannond,phannonde4@drupal.org
510,Wang,McLagan,wmclagane5@tinypic.com
511,Adelind,Sherreard,asherrearde6@uiuc.edu
512,Cullan,Romanski,cromanskie7@prnewswire.com
513,Mirna,Twiddle,mtwiddlee8@usa.gov
514,Lynette,Owers,lowerse9@acquirethisname.com
515,Xaviera,Arling,xarlingea@smh.com.au
516,Jennine,Iannetti,jiannettieb@usgs.gov
517,Romona,Mora,rmoraec@google.de
518,Yalonda,Dinnington,ydinningtoned@hp.com
519,Viviana,Luxton,vluxtonee@istockphoto.com
520,Brett,Biggs,bbiggsef@census.gov
521,Valaree,Clemon,vclemoneg@archive.org
522,Florrie,Gosswell,fgosswelleh@so-net.ne.jp
523,Jinny,Hartford,jhartfordei@yellowbook.com
524,Isabel,Quade,iquadeej@slate.com
525,Paton,Kane,pkaneek@telegraph.co.uk
526,Benjie,Keyte,bkeyteel@walmart.com
527,Madalena,Pehrsson,mpehrssonem@behance.net
528,Kerry,Kreber,kkreberen@spiegel.de
529,Irena,Tummond,itummondeo@bloglovin.com
530,Waylon,Garza,wgarzaep@canalblog.com
531,Lorant,Lisciardelli,llisciardellieq@wix.com
532,Boniface,Peachey,bpeacheyer@sina.com.cn
533,Sawyere,Letteresse,sletteressees@imdb.com
534,Finlay,Terney,fterneyet@free.fr
535,Whitney,Chaffey,wchaffeyeu@ustream.tv
536,Vanna,Hazart,vhazartev@geocities.jp
537,Jessie,Luney,jluneyew@skyrock.com
538,Beilul,Crayk,bcraykex@weather.com
539,Sergent,Clilverd,sclilverdey@weibo.com
540,Billi,Spataro,bspataroez@nasa.gov
541,Coleman,Petticrew,cpetticrewf0@uiuc.edu
542,Evyn,Ritelli,eritellif1@cdc.gov
543,Owen,Bortol,obortolf2@nsw.gov.au
544,Dyan,Chard,dchardf3@oracle.com
545,Alberta,Deadman,adeadmanf4@ycombinator.com
546,Sherlocke,Sarre,ssarref5@vistaprint.com
547,Emalia,Squibbs,esquibbsf6@economist.com
548,Kellie,Lamas,klamasf7@hugedomains.com
549,Loydie,Birdsall,lbirdsallf8@unicef.org
550,Sheree,Blything,sblythingf9@bluehost.com
551,Herman,Quenell,hquenellfa@photobucket.com
552,Alida,Iannuzzelli,aiannuzzellifb@nature.com
553,Matias,Rodwell,mrodwellfc@booking.com
554,Darb,Baldacchino,dbaldacchinofd@wisc.edu
555,Zechariah,Hartlebury,zhartleburyfe@edublogs.org
556,Judon,Beal,jbealff@constantcontact.com
557,Melisande,Lunbech,mlunbechfg@mail.ru
558,Desirae,Bellord,dbellordfh@bbc.co.uk
559,Alix,Beckford,abeckfordfi@java.com
560,Jeramey,Cleaves,jcleavesfj@furl.net
561,Keslie,Leverton,klevertonfk@instagram.com
562,Harris,Parkyn,hparkynfl@spotify.com
563,Niall,Kibel,nkibelfm@behance.net
564,Hermann,Huckleby,hhucklebyfn@techcrunch.com
565,Robena,Ducrow,rducrowfo@dagondesign.com
566,Mady,Thurgood,mthurgoodfp@imageshack.us
567,Rose,Brickett,rbrickettfq@twitter.com
568,Humbert,Newe,hnewefr@harvard.edu
569,Nathan,Gerhts,ngerhtsfs@seattletimes.com
570,Ingeberg,Josuweit,ijosuweitft@cam.ac.uk
571,Mirabelle,Henrichs,mhenrichsfu@msn.com
572,Joelle,Challiss,jchallissfv@myspace.com
573,Janella,Kmiec,jkmiecfw@senate.gov
574,Feliks,Sabate,fsabatefx@columbia.edu
575,Llewellyn,Sprott,lsprottfy@spiegel.de
576,Brooke,Hall-Gough,bhallgoughfz@europa.eu
577,Ricoriki,Bettanay,rbettanayg0@pagesperso-orange.fr
578,Jamey,Teresa,jteresag1@vinaora.com
579,Chloette,Fazackerley,cfazackerleyg2@devhub.com
580,Bronny,Balling,bballingg3@behance.net
581,Justinian,Allwood,jallwoodg4@cnbc.com
582,Erich,Moakes,emoakesg5@issuu.com
583,Freemon,Vittore,fvittoreg6@dropbox.com
584,Rosemary,Fellini,rfellinig7@columbia.edu
585,Georgine,Ivankov,givankovg8@parallels.com
586,Talyah,Hollindale,thollindaleg9@prnewswire.com
587,Delora,Rymmer,drymmerga@wufoo.com
588,Rafa,Rowlinson,rrowlinsongb@constantcontact.com
589,Martynne,Howsego,mhowsegogc@cloudflare.com
590,Wrennie,Bansal,wbansalgd@harvard.edu
591,Kristoffer,Sutterfield,ksutterfieldge@woothemes.com
592,Shurwood,Barthram,sbarthramgf@virginia.edu
593,Ruperta,Danilovic,rdanilovicgg@ning.com
594,Berny,Sherbourne,bsherbournegh@ihg.com
595,Katheryn,Jehan,kjehangi@hao123.com
596,Rayshell,Kensett,rkensettgj@photobucket.com
597,Ninnetta,Searjeant,nsearjeantgk@ning.com
598,Nesta,Cassell,ncassellgl@home.pl
599,Kalie,Revens,krevensgm@mapy.cz
600,Odo,Weafer,oweafergn@canalblog.com
601,Lina,Cantillion,lcantilliongo@shutterfly.com
602,Alejoa,Dible,adiblegp@addthis.com
603,Portie,Ackerley,packerleygq@constantcontact.com
604,Abbot,Dowsing,adowsinggr@cargocollective.com
605,Blake,Done,bdonegs@wsj.com
606,Arden,Amphlett,aamphlettgt@mapy.cz
607,Hedda,Guilbert,hguilbertgu@wix.com
608,Reggy,Ashburner,rashburnergv@sciencedirect.com
609,Laureen,Pashenkov,lpashenkovgw@europa.eu
610,Merci,Aspital,maspitalgx@webmd.com
611,Terrell,Sunock,tsunockgy@answers.com
612,Tod,Trasler,ttraslergz@xinhuanet.com
613,Tonie,Solly,tsollyh0@xinhuanet.com
614,Ardenia,Skegg,askeggh1@people.com.cn
615,Vevay,Farmiloe,vfarmiloeh2@rakuten.co.jp
616,Darda,Boundy,dboundyh3@ucoz.ru
617,Nannie,Wilcox,nwilcoxh4@meetup.com
618,Berni,Wimmer,bwimmerh5@rediff.com
619,Clementia,Nutty,cnuttyh6@rediff.com
620,Cordi,Whales,cwhalesh7@hhs.gov
621,Henrieta,Carwithim,hcarwithimh8@google.co.uk
622,Silvester,Andree,sandreeh9@tinypic.com
623,Tiphany,Appleby,tapplebyha@pbs.org
624,Ralf,Kraut,rkrauthb@soup.io
625,Lani,Blumire,lblumirehc@amazon.co.uk
626,Bobbee,Rapin,brapinhd@skype.com
627,Barrie,Fritz,bfritzhe@europa.eu
628,Quinton,Le Breton De La Vieuville,qlebretondelavieuvillehf@google.es
629,Iosep,Pindar,ipindarhg@creativecommons.org
630,Xever,Zanolli,xzanollihh@reddit.com
631,Gregor,Tregent,gtregenthi@businessweek.com
632,Alverta,Ketteringham,aketteringhamhj@europa.eu
633,Guillema,Burchatt,gburchatthk@virginia.edu
634,Reinald,Filliskirk,rfilliskirkhl@wix.com
635,Andie,Revel,arevelhm@printfriendly.com
636,Cesaro,Drowsfield,cdrowsfieldhn@merriam-webster.com
637,Maribeth,Osmund,mosmundho@ocn.ne.jp
638,Maximilian,Blything,mblythinghp@1und1.de
639,Winifield,Lamburn,wlamburnhq@netvibes.com
640,Idalina,Copper,icopperhr@123-reg.co.uk
641,Babbette,Kliment,bklimenths@youtu.be
642,Kean,Lias,kliasht@usatoday.com
643,Del,Plaunch,dplaunchhu@g.co
644,Sherwin,Trewin,strewinhv@over-blog.com
645,Herb,Terry,hterryhw@netvibes.com
646,Tally,Itzcak,titzcakhx@npr.org
647,Kaylee,Nichols,knicholshy@csmonitor.com
648,Toma,Tyce,ttycehz@google.ca
649,Marion,Hendrik,mhendriki0@netscape.com
650,Milena,Brissard,mbrissardi1@bigcartel.com
651,Teodoro,Hachette,thachettei2@clickbank.net
652,Pansy,Bainbrigge,pbainbriggei3@imageshack.us
653,Herschel,Loughlan,hloughlani4@netvibes.com
654,Jacki,Aldrich,jaldrichi5@sbwire.com
655,Garrik,Pentelow,gpentelowi6@a8.net
656,Aloise,Lannen,alanneni7@last.fm
657,Cathleen,Causton,ccaustoni8@house.gov
658,Miltie,Farnworth,mfarnworthi9@rediff.com
659,Alix,Sansun,asansunia@blogspot.com
660,Cross,Heinsh,cheinshib@walmart.com
661,Chaim,Krikorian,ckrikorianic@wikia.com
662,Mayer,Maffei,mmaffeiid@unicef.org
663,Mord,Ortiga,mortigaie@elegantthemes.com
664,Rowen,Comerford,rcomerfordif@yahoo.com
665,Emanuele,Coo,ecooig@unc.edu
666,Elwira,Parrett,eparrettih@webnode.com
667,Rozella,Scardafield,rscardafieldii@technorati.com
668,Darin,Rivard,drivardij@techcrunch.com
669,Raeann,Walkington,rwalkingtonik@boston.com
670,Debbie,Deport,ddeportil@dell.com
671,Darrick,Romanet,dromanetim@amazon.co.uk
672,Aeriell,Chancellor,achancellorin@cafepress.com
673,Olav,Mineghelli,omineghelliio@shop-pro.jp
674,Wainwright,Franzonello,wfranzonelloip@studiopress.com
675,Celesta,Akaster,cakasteriq@vimeo.com
676,Allyce,Pratton,aprattonir@1und1.de
677,Dannie,Santon,dsantonis@weather.com
678,Dulcea,Vern,dvernit@chicagotribune.com
679,Johnath,Ormonde,jormondeiu@yellowbook.com
680,Hildegarde,Atcock,hatcockiv@yelp.com
681,Ingaborg,Cassam,icassamiw@hexun.com
682,Karena,Snawden,ksnawdenix@posterous.com
683,Devan,Chalfont,dchalfontiy@drupal.org
684,Perle,Snadden,psnaddeniz@yahoo.com
685,Liva,Beine,lbeinej0@samsung.com
686,Vannie,Gourley,vgourleyj1@blog.com
687,Flossie,Swynley,fswynleyj2@scientificamerican.com
688,Cobby,Amsden,camsdenj3@blinklist.com
689,Morse,Reddish,mreddishj4@de.vu
690,Zita,Vasin,zvasinj5@instagram.com
691,Fletch,Gravatt,fgravattj6@icq.com
692,Smitty,Pentycross,spentycrossj7@vkontakte.ru
693,Therese,Sedgefield,tsedgefieldj8@reverbnation.com
694,Lewiss,Parfitt,lparfittj9@marketwatch.com
695,Obadias,Bynert,obynertja@youtu.be
696,Arlyne,Eggins,aegginsjb@fotki.com
697,Jewell,Kliesl,jkliesljc@photobucket.com
698,Myrtice,Rawle,mrawlejd@qq.com
699,Jobie,Leneham,jlenehamje@liveinternet.ru
700,Hinda,Sanford,hsanfordjf@naver.com
701,Tull,Magwood,tmagwoodjg@businessweek.com
702,Laurette,Braban,lbrabanjh@bloglovin.com
703,Bessy,Snodin,bsnodinji@deliciousdays.com
704,Parker,Metherell,pmetherelljj@github.io
705,Junia,Jouannot,jjouannotjk@loc.gov
706,Bronny,Snaith,bsnaithjl@weather.com
707,Lewie,Frontczak,lfrontczakjm@utexas.edu
708,Renaldo,Gomersall,rgomersalljn@adobe.com
709,Devora,Flacknell,dflacknelljo@wikia.com
710,Starlin,Muneely,smuneelyjp@auda.org.au
711,Beatrix,Branche,bbranchejq@prweb.com
712,Toddie,Smartman,tsmartmanjr@ebay.co.uk
713,Alyda,Benitez,abenitezjs@house.gov
714,Zelig,Geratasch,zgerataschjt@devhub.com
715,Sibbie,Gravells,sgravellsju@auda.org.au
716,Rena,Weedall,rweedalljv@jiathis.com
717,Rory,Dosdell,rdosdelljw@lycos.com
718,Gretta,Bahia,gbahiajx@imageshack.us
719,Teresita,Skews,tskewsjy@imdb.com
720,Biddy,Eastope,beastopejz@netscape.com
721,Robinett,Benedyktowicz,rbenedyktowiczk0@exblog.jp
722,Danna,Boultwood,dboultwoodk1@ifeng.com
723,Sim,McGarahan,smcgarahank2@princeton.edu
724,Aimil,Quarrell,aquarrellk3@admin.ch
725,Annmarie,Fouracres,afouracresk4@google.ru
726,Tabatha,Hymor,thymork5@youtube.com
727,Jenifer,Slainey,jslaineyk6@nytimes.com
728,Paulie,Grishenkov,pgrishenkovk7@va.gov
729,Hildagarde,Metzig,hmetzigk8@techcrunch.com
730,Timmy,Scoffham,tscoffhamk9@rambler.ru
731,Lew,Coltart,lcoltartka@bravesites.com
732,Gideon,Marikhin,gmarikhinkb@umich.edu
733,Johann,Tudhope,jtudhopekc@stanford.edu
734,Camala,Jermey,cjermeykd@mediafire.com
735,Wini,Alwin,walwinke@loc.gov
736,Jordan,McCallion,jmccallionkf@xinhuanet.com
737,Christopher,Clifton,ccliftonkg@ca.gov
738,Lanae,Murray,lmurraykh@phoca.cz
739,Berke,Lipgens,blipgenski@vimeo.com
740,Ivar,Kelinge,ikelingekj@nifty.com
741,Kurtis,Matiewe,kmatiewekk@cargocollective.com
742,Ileana,Loins,iloinskl@tinyurl.com
743,Randolf,Pietersma,rpietersmakm@vkontakte.ru
744,Kyla,Yong,kyongkn@blogtalkradio.com
745,Shae,Bown,sbownko@loc.gov
746,Heidi,Darte,hdartekp@seattletimes.com
747,Tonnie,Rolingson,trolingsonkq@godaddy.com
748,Erwin,Arkle,earklekr@amazon.co.jp
749,Earlie,Issacov,eissacovks@123-reg.co.uk
750,Emeline,Cogzell,ecogzellkt@salon.com
751,Cesya,McPhillimey,cmcphillimeyku@opera.com
752,Britteny,Pagnin,bpagninkv@ucoz.ru
753,Regan,Hassard,rhassardkw@discovery.com
754,Neils,Elvidge,nelvidgekx@vistaprint.com
755,Kiel,Frichley,kfrichleyky@cmu.edu
756,Abbe,Barnwall,abarnwallkz@nasa.gov
757,Mariele,Poleye,mpoleyel0@vk.com
758,Dietrich,Morby,dmorbyl1@t.co
759,Jerrold,Gosswell,jgosswelll2@cisco.com
760,Audra,Widger,awidgerl3@mlb.com
761,Cash,Keeble,ckeeblel4@ihg.com
762,Lynde,Catterson,lcattersonl5@toplist.cz
763,Lucky,Pratty,lprattyl6@tuttocitta.it
764,Milka,Josilevich,mjosilevichl7@instagram.com
765,Gustaf,Buntine,gbuntinel8@drupal.org
766,Gerry,Kleen,gkleenl9@apache.org
767,Rasla,Jore,rjorela@geocities.com
768,Keelby,Gotthard,kgotthardlb@oaic.gov.au
769,Gene,Spera,gsperalc@smh.com.au
770,Den,Laverick,dlaverickld@usda.gov
771,Ashil,Weond,aweondle@about.me
772,Melonie,Kohneke,mkohnekelf@gravatar.com
773,Olwen,Heggison,oheggisonlg@businesswire.com
774,Catlin,Pareman,cparemanlh@nationalgeographic.com
775,Alaster,Weldon,aweldonli@usa.gov
776,Lisbeth,Dampney,ldampneylj@wiley.com
777,Johnnie,Walkley,jwalkleylk@shareasale.com
778,Lavena,Formby,lformbyll@bloglines.com
779,Jorrie,Mose,jmoselm@nsw.gov.au
780,Sebastian,Greydon,sgreydonln@eventbrite.com
781,Carolee,Mathers,cmatherslo@dot.gov
782,Moises,Instone,minstonelp@ebay.com
783,Dehlia,Heintzsch,dheintzschlq@unicef.org
784,Candida,Castilla,ccastillalr@springer.com
785,Megan,Sheirlaw,msheirlawls@ustream.tv
786,Eal,Cormack,ecormacklt@canalblog.com
787,Joshia,Banford,jbanfordlu@bbb.org
788,Brandea,Strother,bstrotherlv@histats.com
789,Skip,Ashforth,sashforthlw@nydailynews.com
790,Bax,Ethelstone,bethelstonelx@webnode.com
791,Coralyn,Pendreigh,cpendreighly@myspace.com
792,Fin,Collicott,fcollicottlz@timesonline.co.uk
793,Lilyan,Barlass,lbarlassm0@fotki.com
794,Sigvard,Roullier,sroullierm1@fc2.com
795,Jonis,Griffithe,jgriffithem2@flavors.me
796,Zulema,Cockayme,zcockaymem3@yolasite.com
797,Maryl,Paulazzi,mpaulazzim4@time.com
798,Norton,Cregg,ncreggm5@irs.gov
799,Ellynn,Boggas,eboggasm6@mapy.cz
800,Dore,Ledekker,dledekkerm7@npr.org
801,Dede,Henfre,dhenfrem8@newsvine.com
802,Walton,McGregor,wmcgregorm9@toplist.cz
803,Bruis,Elford,belfordma@nytimes.com
804,Meier,Merrington,mmerringtonmb@cbsnews.com
805,Christoper,Honeywood,choneywoodmc@wisc.edu
806,Yvonne,Kasbye,ykasbyemd@unicef.org
807,Igor,Hanes,ihanesme@slate.com
808,Park,Lovekin,plovekinmf@google.it
809,Aylmar,Jennins,ajenninsmg@merriam-webster.com
810,Myrwyn,Colles,mcollesmh@prweb.com
811,Ula,Penticoot,upenticootmi@issuu.com
812,Kacey,Oakton,koaktonmj@tumblr.com
813,Leonerd,Ince,lincemk@sitemeter.com
814,Peyton,Stiven,pstivenml@feedburner.com
815,Robyn,Sturte,rsturtemm@feedburner.com
816,Charissa,Griffin,cgriffinmn@cornell.edu
817,Jamima,Handslip,jhandslipmo@springer.com
818,Ivie,Blackaller,iblackallermp@sourceforge.net
819,Eadie,Cheetam,echeetammq@upenn.edu
820,Chere,Heyns,cheynsmr@acquirethisname.com
821,Keene,Gritland,kgritlandms@edublogs.org
822,Lilly,Prugel,lprugelmt@squidoo.com
823,Gilberto,Gegay,ggegaymu@ow.ly
824,Dael,Simyson,dsimysonmv@mediafire.com
825,Wendy,McCaw,wmccawmw@blinklist.com
826,Liv,Tunno,ltunnomx@ebay.com
827,Yuri,O'Lochan,yolochanmy@wiley.com
828,Davin,Gayton,dgaytonmz@statcounter.com
829,Ayn,Evers,aeversn0@tuttocitta.it
830,Alvira,Hartzogs,ahartzogsn1@harvard.edu
831,Marybelle,Pellatt,mpellattn2@chron.com
832,Olivier,Severs,oseversn3@oracle.com
833,Marianne,Walbrun,mwalbrunn4@si.edu
834,Brade,Goodbur,bgoodburn5@spiegel.de
835,Merwin,Madge,mmadgen6@vinaora.com
836,Justino,Labdon,jlabdonn7@bigcartel.com
837,Sam,Olliver,sollivern8@privacy.gov.au
838,Melli,Geibel,mgeibeln9@tinyurl.com
839,Darby,Garnall,dgarnallna@lycos.com
840,Menard,Gammie,mgammienb@chron.com
841,Lauraine,Jacobs,ljacobsnc@wix.com
842,Aluin,Riddiough,ariddioughnd@pen.io
843,Wenonah,Vanyarkin,wvanyarkinne@liveinternet.ru
844,Ethyl,Berdale,eberdalenf@arizona.edu
845,Royal,Shakesby,rshakesbyng@nhs.uk
846,Clovis,Linning,clinningnh@amazon.co.uk
847,Rahel,Corsor,rcorsorni@sogou.com
848,Annabela,Shearsby,ashearsbynj@virginia.edu
849,Blair,Jurick,bjuricknk@npr.org
850,Bran,Cham,bchamnl@mozilla.com
851,Dahlia,Charge,dchargenm@census.gov
852,Conroy,Rediers,crediersnn@cnet.com
853,Nikola,Molfino,nmolfinono@is.gd
854,Lambert,Cobbe,lcobbenp@homestead.com
855,Leah,O'Shevlin,loshevlinnq@spiegel.de
856,Sheri,Bellchamber,sbellchambernr@ask.com
857,Coriss,Blizard,cblizardns@4shared.com
858,Marcile,Iacobassi,miacobassint@w3.org
859,Georgianna,Louisot,glouisotnu@home.pl
860,Tania,Pester,tpesternv@alexa.com
861,Timofei,Canning,tcanningnw@walmart.com
862,Justus,Wyllis,jwyllisnx@indiatimes.com
863,Glenn,Gagen,ggagenny@ycombinator.com
864,Lonnie,Becerra,lbecerranz@nationalgeographic.com
865,Jorge,Matzaitis,jmatzaitiso0@pcworld.com
866,Sissie,Adamovsky,sadamovskyo1@smh.com.au
867,Kevin,Cowthart,kcowtharto2@csmonitor.com
868,Karia,Surplice,ksurpliceo3@irs.gov
869,Dione,Crichmere,dcrichmereo4@nba.com
870,Floria,Search,fsearcho5@state.tx.us
871,Tybie,Robertacci,trobertaccio6@auda.org.au
872,Sydel,Dutteridge,sdutteridgeo7@columbia.edu
873,Rosabella,Arnaudin,rarnaudino8@chron.com
874,Carolan,Mackrill,cmackrillo9@aol.com
875,Kimberlee,Goudge,kgoudgeoa@mlb.com
876,Antons,Thorpe,athorpeob@biglobe.ne.jp
877,Buddie,Baiyle,bbaiyleoc@stanford.edu
878,Anthiathia,Lutwidge,alutwidgeod@patch.com
879,Ermanno,Bridgstock,ebridgstockoe@mapquest.com
880,Chere,Bamfield,cbamfieldof@addtoany.com
881,Anissa,Morgan,amorganog@businessinsider.com
882,Lorelei,Prettyman,lprettymanoh@typepad.com
883,Cissy,Halsho,chalshooi@hud.gov
884,Derek,Catterell,dcatterelloj@hubpages.com
885,Annmarie,Tomczykowski,atomczykowskiok@mapquest.com
886,Clary,Blumfield,cblumfieldol@hexun.com
887,Joscelin,Allpress,jallpressom@answers.com
888,Mela,Titterrell,mtitterrellon@stumbleupon.com
889,Kendal,Nealy,knealyoo@foxnews.com
890,Nichol,Hrachovec,nhrachovecop@fema.gov
891,Garland,Hambleton,ghambletonoq@biblegateway.com
892,Ebba,Rosenthaler,erosenthaleror@sciencedaily.com
893,Teresita,Bonifazio,tbonifazioos@bloglovin.com
894,Billy,Trippick,btrippickot@icq.com
895,Tallou,Oxx,toxxou@bigcartel.com
896,Martina,Ebden,mebdenov@boston.com
897,Pattie,Prudham,pprudhamow@live.com
898,Connie,Forshaw,cforshawox@sourceforge.net
899,Gayle,Fratczak,gfratczakoy@cocolog-nifty.com
900,Ivor,Bennington,ibenningtonoz@nasa.gov
901,Ag,Ionn,aionnp0@angelfire.com
902,Laurene,Hourihane,lhourihanep1@tripod.com
903,Sonnnie,Abbe,sabbep2@guardian.co.uk
904,Liza,Manwaring,lmanwaringp3@godaddy.com
905,Klaus,Cathrall,kcathrallp4@godaddy.com
906,Zaccaria,Banting,zbantingp5@engadget.com
907,Emmie,Sheriff,esheriffp6@meetup.com
908,Tilly,Fraczek,tfraczekp7@ted.com
909,Rana,McSpirron,rmcspirronp8@delicious.com
910,Bord,Caizley,bcaizleyp9@google.com.hk
911,Pammy,Breens,pbreenspa@springer.com
912,Guglielmo,Channon,gchannonpb@photobucket.com
913,Lucio,Laxson,llaxsonpc@twitter.com
914,Jessamyn,Rodgman,jrodgmanpd@sfgate.com
915,Ninon,Child,nchildpe@dagondesign.com
916,Emiline,Satterlee,esatterleepf@cbc.ca
917,Edgar,Saphir,esaphirpg@yelp.com
918,Ellene,Van der Brug,evanderbrugph@wunderground.com
919,Benetta,Boor,bboorpi@google.cn
920,Whitby,Rosengart,wrosengartpj@cbc.ca
921,Codie,Hovel,chovelpk@ycombinator.com
922,Dalston,Shallow,dshallowpl@blogger.com
923,Ezekiel,Avo,eavopm@disqus.com
924,Renie,Shawel,rshawelpn@github.io
925,Wrennie,Martugin,wmartuginpo@digg.com
926,Adena,Roxbrough,aroxbroughpp@washington.edu
927,Husein,Jeacocke,hjeacockepq@mit.edu
928,Milo,Pogson,mpogsonpr@home.pl
929,Minnnie,Ghidetti,mghidettips@shutterfly.com
930,Lucilia,Ayers,layerspt@nationalgeographic.com
931,Hayden,Yannoni,hyannonipu@tripod.com
932,Berrie,Tchaikovsky,btchaikovskypv@whitehouse.gov
933,Adelle,Castelow,acastelowpw@samsung.com
934,Alla,Clout,acloutpx@microsoft.com
935,Uriah,Whitehouse,uwhitehousepy@taobao.com
936,Jule,Ashfold,jashfoldpz@dedecms.com
937,Tomkin,Chessum,tchessumq0@seesaa.net
938,Lynn,Nation,lnationq1@unesco.org
939,Ursola,Bilbrey,ubilbreyq2@histats.com
940,Bronson,Frail,bfrailq3@taobao.com
941,Curcio,Imlock,cimlockq4@shop-pro.jp
942,Lorrin,Grollmann,lgrollmannq5@omniture.com
943,Sherilyn,Biasioni,sbiasioniq6@icq.com
944,Elga,Lightfoot,elightfootq7@slashdot.org
945,Donn,Lehrmann,dlehrmannq8@opensource.org
946,Brina,Habishaw,bhabishawq9@nbcnews.com
947,Ado,Jepperson,ajeppersonqa@rakuten.co.jp
948,Roderich,Maso,rmasoqb@parallels.com
949,Chaunce,Gilbard,cgilbardqc@ucoz.ru
950,Judas,Borg-Bartolo,jborgbartoloqd@imgur.com
951,Thatcher,Florio,tflorioqe@t.co
952,Anastasie,Lapish,alapishqf@deviantart.com
953,Tann,Gallafant,tgallafantqg@woothemes.com
954,Tiertza,Locarno,tlocarnoqh@comsenz.com
955,Marga,Tindle,mtindleqi@elpais.com
956,Davine,Stranger,dstrangerqj@barnesandnoble.com
957,Keith,Murton,kmurtonqk@simplemachines.org
958,Johnathon,Woodwing,jwoodwingql@weebly.com
959,Farand,Gossington,fgossingtonqm@wix.com
960,Andrej,Torrent,atorrentqn@sina.com.cn
961,Lorie,Mangenet,lmangenetqo@msu.edu
962,Colleen,Whitmore,cwhitmoreqp@list-manage.com
963,Carolan,Vautre,cvautreqq@shareasale.com
964,Benny,Davall,bdavallqr@mtv.com
965,Virginie,Rubenovic,vrubenovicqs@independent.co.uk
966,Hatti,Beamond,hbeamondqt@bandcamp.com
967,Theresina,Wrench,twrenchqu@netscape.com
968,Gareth,Hagyard,ghagyardqv@berkeley.edu
969,Ikey,Iwanicki,iiwanickiqw@go.com
970,Ilse,Cole,icoleqx@cafepress.com
971,Sher,Barkes,sbarkesqy@ustream.tv
972,Vernen,Richen,vrichenqz@dedecms.com
973,Brewer,Vivien,bvivienr0@cyberchimps.com
974,Carol-jean,Scandroot,cscandrootr1@uol.com.br
975,Jabez,Cuss,jcussr2@godaddy.com
976,Koral,Coultas,kcoultasr3@soundcloud.com
977,Mal,Kilgour,mkilgourr4@theglobeandmail.com
978,Suzie,Pinyon,spinyonr5@360.cn
979,Jobi,Allon,jallonr6@woothemes.com
980,Aymer,Bourton,abourtonr7@sakura.ne.jp
981,Stesha,Ettritch,settritchr8@hhs.gov
982,Elene,Bacop,ebacopr9@mlb.com
983,Julieta,Cogdell,jcogdellra@ebay.co.uk
984,Randall,Maplethorp,rmaplethorprb@eventbrite.com
985,Shawnee,Phillot,sphillotrc@addtoany.com
986,Chev,Degoy,cdegoyrd@blogs.com
987,Tyne,Undrell,tundrellre@ox.ac.uk
988,Karie,Matanin,kmataninrf@liveinternet.ru
989,Zelma,Leggott,zleggottrg@blogtalkradio.com
990,Pierson,Moore,pmoorerh@msn.com
991,Clayton,Readshall,creadshallri@linkedin.com
992,Daloris,Callway,dcallwayrj@networksolutions.com
993,Isaac,Parkin,iparkinrk@theatlantic.com
994,Missie,Duffil,mduffilrl@creativecommons.org
995,Bernette,Wysome,bwysomerm@chronoengine.com
996,Lenore,Slorance,lslorancern@dagondesign.com
997,Pet,Sands,psandsro@shutterfly.com
998,Bessy,Heintz,bheintzrp@purevolume.com
999,Angel,Grocock,agrocockrq@auda.org.au
1000,Matilda,Derrington,mderringtonrr@state.tx.us
