Id,First Name,Last Name,Email
1,Zeke,Bentinck,zbentinck0@skyrock.com
2,Annmaria,Behning,abehning1@howstuffworks.com
3,Miriam,Leadbetter,mleadbetter2@elegantthemes.com
4,Raffaello,Bricksey,rbricksey3@hibu.com
5,Mina,Burghall,mburghall4@php.net
6,Shae,McIver,smciver5@google.com
7,Hatty,Hefford,hhefford6@phpbb.com
8,Warde,Sybbe,wsybbe7@google.com.au
9,Cicely,Foulser,cfoulser8@auda.org.au
10,Sherwynd,Vinck,svinck9@ibm.com
11,Egor,Curee,ecureea@howstuffworks.com
12,Laurene,Cozzi,lcozzib@usatoday.com
13,Shirl,Goldspink,sgoldspinkc@ucoz.com
14,Domeniga,Rosellini,drosellinid@google.es
15,Ileana,Fasset,ifassete@google.pl
16,Jody,Merdew,jmerdewf@apache.org
17,Kiele,Cornfield,kcornfieldg@economist.com
18,Gay,Osborne,gosborneh@apache.org
19,Meris,Blakeney,mblakeneyi@arizona.edu
20,Tawsha,Wison,twisonj@mayoclinic.com
21,Pollyanna,Cobley,pcobleyk@who.int
22,Brooks,Flucks,bflucksl@bing.com
23,Annamarie,Southern,asouthernm@youtu.be
24,Reena,Currington,rcurringtonn@hud.gov
25,Marlowe,Slym,mslymo@homestead.com
26,Sara,Paternoster,spaternosterp@a8.net
27,Janot,Streatfeild,jstreatfeildq@youtube.com
28,Arlene,Hrus,ahrusr@tmall.com
29,Gearalt,Vasenkov,gvasenkovs@free.fr
30,Farrand,Barbrick,fbarbrickt@ocn.ne.jp
31,Chrissy,Hauxley,chauxleyu@auda.org.au
32,Melba,McBlain,mmcblainv@google.fr
33,Yancy,McGriffin,ymcgriffinw@apple.com
34,Ellissa,Berrisford,eberrisfordx@unc.edu
35,Gayle,Cockhill,gcockhilly@slashdot.org
36,Brier,Dowsing,bdowsingz@bloglines.com
37,Kesley,Gutman,kgutman10@ftc.gov
38,Babette,Mebes,bmebes11@liveinternet.ru
39,Jillian,Reinbeck,jreinbeck12@hostgator.com
40,Bambi,Glasebrook,bglasebrook13@state.tx.us
41,Gilbertina,Perrigo,gperrigo14@hc360.com
42,Caspar,Cunradi,ccunradi15@cargocollective.com
43,Isidro,Spillard,ispillard16@phpbb.com
44,Gayleen,Ashcroft,gashcroft17@blogs.com
45,Josee,Jerman,jjerman18@epa.gov
46,Florrie,Arnall,farnall19@google.com.hk
47,Elmore,Leinweber,eleinweber1a@wikipedia.org
48,Nevile,Quilliam,nquilliam1b@apache.org
49,Saleem,Hackworth,shackworth1c@sciencedaily.com
50,Kippar,Maund,kmaund1d@diigo.com
51,Leland,Clift,lclift1e@freewebs.com
52,Corney,Gonnet,cgonnet1f@techcrunch.com
53,Aldo,Game,agame1g@wikimedia.org
54,Wyatan,Mitchener,wmitchener1h@ifeng.com
55,Alleen,Adelman,aadelman1i@newyorker.com
56,Zorine,Ballingal,zballingal1j@businesswire.com
57,Barton,Kelmere,bkelmere1k@t-online.de
58,Vivienne,Yendle,vyendle1l@blog.com
59,Wyatan,Ibberson,wibberson1m@people.com.cn
60,Sayres,Fortun,sfortun1n@comcast.net
61,Minda,Pollastrone,mpollastrone1o@indiegogo.com
62,Annice,Stilling,astilling1p@discovery.com
63,Felicio,Waterstone,fwaterstone1q@bluehost.com
64,Piggy,Meth,pmeth1r@hexun.com
65,Stephani,Shankle,sshankle1s@dailymotion.com
66,Sasha,Loyley,sloyley1t@cloudflare.com
67,Luther,Devine,ldevine1u@geocities.com
68,Betsy,Hrinchenko,bhrinchenko1v@flavors.me
69,Kala,McVeagh,kmcveagh1w@google.nl
70,Barthel,Guillet,bguillet1x@sohu.com
71,Nahum,Gumly,ngumly1y@icio.us
72,Romona,Pinn,rpinn1z@eepurl.com
73,Nickolaus,Fashion,nfashion20@reuters.com
74,Yankee,Waltering,ywaltering21@technorati.com
75,Wernher,Poyner,wpoyner22@stumbleupon.com
76,Weston,Spellesy,wspellesy23@hao123.com
77,Wileen,Tedstone,wtedstone24@ifeng.com
78,Bartram,Petronis,bpetronis25@globo.com
79,Sherilyn,Puddephatt,spuddephatt26@posterous.com
80,Kalil,Cawdery,kcawdery27@walmart.com
81,Abbi,Duce,aduce28@sakura.ne.jp
82,Raul,Blankett,rblankett29@hubpages.com
83,Dorolice,Pardie,dpardie2a@behance.net
84,Lurette,Shawell,lshawell2b@dyndns.org
85,Cindelyn,Pairpoint,cpairpoint2c@netscape.com
86,Yehudi,Cashley,ycashley2d@ebay.com
87,Lee,Galiero,lgaliero2e@i2i.jp
88,Menard,Krysiak,mkrysiak2f@omniture.com
89,Jeri,Fonquernie,jfonquernie2g@printfriendly.com
90,Justina,Brugh,jbrugh2h@oakley.com
91,Tomasine,D'Onisi,tdonisi2i@pcworld.com
92,Anya,Anney,aanney2j@omniture.com
93,Rodney,Ilieve,rilieve2k@independent.co.uk
94,Ransom,Menhci,rmenhci2l@thetimes.co.uk
95,Willi,Thewless,wthewless2m@narod.ru
96,Troy,Crome,tcrome2n@xing.com
97,Gayla,Hoyles,ghoyles2o@gizmodo.com
98,Imojean,Kenward,ikenward2p@xrea.com
99,Milt,Goricke,mgoricke2q@infoseek.co.jp
100,Cairistiona,Omond,comond2r@samsung.com
101,Shanna,Boughtwood,sboughtwood2s@youtu.be
102,Megen,Challice,mchallice2t@europa.eu
103,Garret,Hutfield,ghutfield2u@dion.ne.jp
104,Matty,MacSkeagan,mmacskeagan2v@about.com
105,Chrysa,Caughte,ccaughte2w@answers.com
106,Olin,Elford,oelford2x@nytimes.com
107,Duncan,Waber,dwaber2y@weather.com
108,Padraig,Renhard,prenhard2z@dmoz.org
109,Giacinta,Westcott,gwestcott30@ted.com
110,Brewer,Reasun,breasun31@123-reg.co.uk
111,Murvyn,Precious,mprecious32@wikimedia.org
112,Christiane,Adamkiewicz,cadamkiewicz33@disqus.com
113,Vere,Cicco,vcicco34@loc.gov
114,Kimmie,Decker,kdecker35@google.cn
115,Kanya,Greber,kgreber36@bing.com
116,Albina,Gething,agething37@cnet.com
117,Ethelred,Hitschke,ehitschke38@ebay.co.uk
118,Stanislaus,Anthill,santhill39@yandex.ru
119,Eustacia,Sinden,esinden3a@umich.edu
120,Nealy,Gregh,ngregh3b@washington.edu
121,Alain,Seery,aseery3c@friendfeed.com
122,Otis,Kyd,okyd3d@adobe.com
123,Luci,Itshak,litshak3e@whitehouse.gov
124,Vin,Davies,vdavies3f@sciencedirect.com
125,Ollie,Stuckey,ostuckey3g@rambler.ru
126,Ettore,Volke,evolke3h@who.int
127,Tressa,Royl,troyl3i@cafepress.com
128,Justinn,Tripean,jtripean3j@amazon.de
129,Alexia,Jorczyk,ajorczyk3k@yelp.com
130,Jodee,Neath,jneath3l@ox.ac.uk
131,Cash,Meeking,cmeeking3m@lycos.com
132,Dacie,Sconce,dsconce3n@bing.com
133,Fair,Colwill,fcolwill3o@networksolutions.com
134,Consuelo,Olczyk,colczyk3p@forbes.com
135,Fred,Prime,fprime3q@about.me
136,Ailee,Dumbell,adumbell3r@go.com
137,Chickie,Durn,cdurn3s@boston.com
138,Sonia,Tabert,stabert3t@privacy.gov.au
139,Ashton,Phillcock,aphillcock3u@sciencedaily.com
140,Roberta,Ben,rben3v@upenn.edu
141,Kelby,Fairholm,kfairholm3w@moonfruit.com
142,Wallie,Varndell,wvarndell3x@msn.com
143,Sol,Powles,spowles3y@springer.com
144,Eula,Toffanini,etoffanini3z@cpanel.net
145,Ethelind,Deshorts,edeshorts40@amazon.co.jp
146,Grazia,Noteyoung,gnoteyoung41@rediff.com
147,Jasmine,Joddins,jjoddins42@cisco.com
148,Inna,Scholtis,ischoltis43@nydailynews.com
149,Zaccaria,Warman,zwarman44@diigo.com
150,Kristos,Rehme,krehme45@sbwire.com
151,Lyda,Gibbonson,lgibbonson46@xing.com
152,Loralie,Allnatt,lallnatt47@ucsd.edu
153,Palmer,Core,pcore48@mapquest.com
154,Zaria,Thake,zthake49@digg.com
155,Leone,Stode,lstode4a@sakura.ne.jp
156,Tandie,Corr,tcorr4b@google.com.hk
157,Sheelah,Brekonridge,sbrekonridge4c@vkontakte.ru
158,Latrena,O'Shevlan,loshevlan4d@jalbum.net
159,Farrand,Allett,fallett4e@patch.com
160,Greg,Catenot,gcatenot4f@wix.com
161,Brenda,Eastby,beastby4g@wiley.com
162,Marie-jeanne,Metheringham,mmetheringham4h@cdbaby.com
163,Berte,Mowen,bmowen4i@yellowbook.com
164,Eda,Mitchener,emitchener4j@vinaora.com
165,Harmon,Braz,hbraz4k@unblog.fr
166,Andreas,McAne,amcane4l@cbc.ca
167,Dee,Murdie,dmurdie4m@reference.com
168,Bastien,Basler,bbasler4n@apple.com
169,Perle,Capoun,pcapoun4o@exblog.jp
170,Bebe,Charteris,bcharteris4p@imdb.com
171,Bank,Redley,bredley4q@usda.gov
172,Sigmund,Alelsandrowicz,salelsandrowicz4r@wp.com
173,Adams,McGarrell,amcgarrell4s@a8.net
174,Patty,Aird,paird4t@intel.com
175,Josias,Bromehed,jbromehed4u@phpbb.com
176,Cullin,Gloster,cgloster4v@quantcast.com
177,Ashli,Arkil,aarkil4w@go.com
178,Enrica,Caldera,ecaldera4x@nps.gov
179,Kaycee,Haney`,khaney4y@smugmug.com
180,Tandie,Matthewman,tmatthewman4z@free.fr
181,Brand,Peinton,bpeinton50@spiegel.de
182,Mayer,O'Reilly,moreilly51@weather.com
183,Tawnya,Bellwood,tbellwood52@amazon.com
184,Thorsten,Corkill,tcorkill53@microsoft.com
185,Drugi,Poynter,dpoynter54@cnet.com
186,Fania,Curlis,fcurlis55@hugedomains.com
187,Arny,Deetch,adeetch56@sciencedaily.com
188,Edie,Towl,etowl57@google.fr
189,Keene,Mahony,kmahony58@eventbrite.com
190,Loydie,Giotto,lgiotto59@ucla.edu
191,Jewell,Capelle,jcapelle5a@feedburner.com
192,Desmund,Croysdale,dcroysdale5b@homestead.com
193,Victor,Reace,vreace5c@bluehost.com
194,Galvan,Slott,gslott5d@hubpages.com
195,Reba,Kinsella,rkinsella5e@fema.gov
196,Lonni,Moxom,lmoxom5f@tinypic.com
197,Tammie,Tregaskis,ttregaskis5g@cloudflare.com
198,Dev,Dudgeon,ddudgeon5h@ifeng.com
199,Thorin,Matchett,tmatchett5i@weather.com
200,Gena,MacIlory,gmacilory5j@narod.ru
201,Galvin,Wolvey,gwolvey5k@nifty.com
202,Esta,Tabert,etabert5l@gravatar.com
203,Gertie,Beattie,gbeattie5m@bbb.org
204,Giraldo,Nortcliffe,gnortcliffe5n@answers.com
205,Filbert,Bendik,fbendik5o@acquirethisname.com
206,Doria,Hunston,dhunston5p@zimbio.com
207,Brendin,Grange,bgrange5q@dion.ne.jp
208,Carline,Daton,cdaton5r@tripod.com
209,Winslow,Foxley,wfoxley5s@europa.eu
210,Wadsworth,Endersby,wendersby5t@wikimedia.org
211,Annmaria,Staden,astaden5u@php.net
212,Nero,MacPeake,nmacpeake5v@redcross.org
213,Merle,Burchatt,mburchatt5w@4shared.com
214,Myrle,Salters,msalters5x@stumbleupon.com
215,Andie,Scoates,ascoates5y@blogs.com
216,Mel,Rumford,mrumford5z@about.me
217,Tressa,Mordie,tmordie60@cpanel.net
218,Padgett,Akester,pakester61@fotki.com
219,Demetris,Gershom,dgershom62@homestead.com
220,Olympia,McCraw,omccraw63@flickr.com
221,Clea,Louis,clouis64@altervista.org
222,Braden,Lackemann,blackemann65@cmu.edu
223,Janek,Schimpke,jschimpke66@ted.com
224,Cesar,Hewlings,chewlings67@issuu.com
225,Roley,Hilary,rhilary68@tmall.com
226,Maia,Underhill,munderhill69@phpbb.com
227,Quinn,Derell,qderell6a@businessinsider.com
228,Modestia,Phillott,mphillott6b@apache.org
229,Dodie,Overbury,doverbury6c@themeforest.net
230,Claudetta,Hambatch,chambatch6d@homestead.com
231,Raphaela,Ollerton,rollerton6e@imdb.com
232,Berna,Jacquemy,bjacquemy6f@goo.gl
233,Derek,Empringham,dempringham6g@pcworld.com
234,Lida,Grigoire,lgrigoire6h@stumbleupon.com
235,Merry,Besant,mbesant6i@amazon.co.uk
236,Berta,Killelay,bkillelay6j@chron.com
237,Bank,Buffham,bbuffham6k@skype.com
238,Anthiathia,Melmar,amelmar6l@usda.gov
239,Gonzalo,Grisenthwaite,ggrisenthwaite6m@topsy.com
240,Forrest,Ferras,fferras6n@cmu.edu
241,Reena,Winston,rwinston6o@mozilla.com
242,Klemens,Chawner,kchawner6p@cnn.com
243,Sheela,Adolfson,sadolfson6q@google.it
244,Cord,Pegden,cpegden6r@admin.ch
245,Dorey,Salla,dsalla6s@apache.org
246,Talbot,Molohan,tmolohan6t@issuu.com
247,Augy,Petticrew,apetticrew6u@instagram.com
248,Chery,Coche,ccoche6v@bloomberg.com
249,Alisander,Jepp,ajepp6w@homestead.com
250,Roby,Kirdsch,rkirdsch6x@scribd.com
251,Gonzalo,Halifax,ghalifax6y@census.gov
252,Olenolin,Mobberley,omobberley6z@symantec.com
253,Tessie,Kerby,tkerby70@symantec.com
254,Suzi,Lufkin,slufkin71@marriott.com
255,Cori,Scotfurth,cscotfurth72@google.ca
256,Tony,Butterley,tbutterley73@ucla.edu
257,Elora,Wolfendale,ewolfendale74@hhs.gov
258,Adelheid,Folkes,afolkes75@stumbleupon.com
259,Florinda,Coplestone,fcoplestone76@gmpg.org
260,Fedora,Ghion,fghion77@fda.gov
261,Siouxie,Perche,sperche78@home.pl
262,Codi,Canepe,ccanepe79@hatena.ne.jp
263,Avigdor,Monelli,amonelli7a@issuu.com
264,Rhetta,Pawlicki,rpawlicki7b@netlog.com
265,Kimmy,Barkworth,kbarkworth7c@furl.net
266,Aggi,Vaugham,avaugham7d@accuweather.com
267,Giavani,Banner,gbanner7e@gmpg.org
268,Bren,Pates,bpates7f@ehow.com
269,Arnoldo,Jerche,ajerche7g@123-reg.co.uk
270,Tabbi,Gannaway,tgannaway7h@nymag.com
271,Brant,Wyard,bwyard7i@boston.com
272,Regina,Isaacs,risaacs7j@omniture.com
273,Prue,Blair,pblair7k@sina.com.cn
274,Jenilee,Noraway,jnoraway7l@tuttocitta.it
275,Karna,Shapera,kshapera7m@amazon.com
276,Evanne,Heintzsch,eheintzsch7n@hp.com
277,Brannon,Spinige,bspinige7o@economist.com
278,Elvyn,Jakubovicz,ejakubovicz7p@posterous.com
279,Gabey,Sherrington,gsherrington7q@simplemachines.org
280,Waldon,Eveling,weveling7r@omniture.com
281,Theresina,Debell,tdebell7s@flickr.com
282,Husain,Bather,hbather7t@nydailynews.com
283,Bellanca,Flageul,bflageul7u@de.vu
284,Finlay,Mordin,fmordin7v@diigo.com
285,Lillian,Ducker,lducker7w@icq.com
286,Evangelina,Dench,edench7x@tiny.cc
287,Far,Attwell,fattwell7y@joomla.org
288,Theodore,Sheran,tsheran7z@ning.com
289,Aloysius,Stevings,astevings80@seesaa.net
290,Ludvig,Antoniewicz,lantoniewicz81@flavors.me
291,King,McElane,kmcelane82@youtu.be
292,Melany,Niemiec,mniemiec83@webnode.com
293,Aylmer,Goodhand,agoodhand84@youtu.be
294,Carine,Threadgould,cthreadgould85@taobao.com
295,Cassie,Scutts,cscutts86@paginegialle.it
296,Maribelle,Flowers,mflowers87@typepad.com
297,Donavon,Brasier,dbrasier88@shutterfly.com
298,Ulrick,Gebbe,ugebbe89@thetimes.co.uk
299,Mel,Orsi,morsi8a@economist.com
300,Halsy,Hannant,hhannant8b@seattletimes.com
301,Shadow,Wyson,swyson8c@va.gov
302,Stavros,Schoolfield,sschoolfield8d@mac.com
303,Henderson,Lamblot,hlamblot8e@qq.com
304,Leonanie,Spennock,lspennock8f@ebay.com
305,Coleman,Sivess,csivess8g@youtu.be
306,Gillie,Ferby,gferby8h@blogs.com
307,Johnna,Dumsday,jdumsday8i@unicef.org
308,Celinka,Ilson,cilson8j@vinaora.com
309,Jessamine,Roache,jroache8k@google.cn
310,Christophe,Thewlis,cthewlis8l@deviantart.com
311,Shellie,Enocksson,senocksson8m@acquirethisname.com
312,Cammi,Flello,cflello8n@howstuffworks.com
313,Tannie,Huckfield,thuckfield8o@cocolog-nifty.com
314,Milly,Rolinson,mrolinson8p@cbsnews.com
315,Hasheem,Tomowicz,htomowicz8q@topsy.com
316,Jens,Veale,jveale8r@hubpages.com
317,Lanny,Dungee,ldungee8s@ihg.com
318,Joy,Eccleston,jeccleston8t@comsenz.com
319,Domingo,Cunrado,dcunrado8u@nhs.uk
320,Kip,Giuron,kgiuron8v@baidu.com
321,Papageno,Seligson,pseligson8w@uiuc.edu
322,Arvie,Sandiford,asandiford8x@live.com
323,Leandra,Cossentine,lcossentine8y@1688.com
324,Almira,Whightman,awhightman8z@pinterest.com
325,Lena,Toovey,ltoovey90@cbslocal.com
326,Kendricks,Idell,kidell91@etsy.com
327,Cyrille,Hiddersley,chiddersley92@dell.com
328,Teddie,Grindle,tgrindle93@amazonaws.com
329,Mersey,Konertz,mkonertz94@archive.org
330,Octavia,Kirrage,okirrage95@bloomberg.com
331,Rodi,Joost,rjoost96@cnet.com
332,Elianora,Bowring,ebowring97@nytimes.com
333,Perceval,Lattos,plattos98@usatoday.com
334,Verina,Pettis,vpettis99@mail.ru
335,Bearnard,Gilbane,bgilbane9a@imdb.com
336,Doralia,Gange,dgange9b@moonfruit.com
337,Courtney,Villiers,cvilliers9c@springer.com
338,Cornelia,Debow,cdebow9d@ehow.com
339,Winifred,Inchan,winchan9e@list-manage.com
340,Moria,Beeho,mbeeho9f@japanpost.jp
341,Danni,Vasiliu,dvasiliu9g@trellian.com
342,Ryann,Boxall,rboxall9h@shareasale.com
343,Florella,Milesop,fmilesop9i@berkeley.edu
344,Isacco,Wheaton,iwheaton9j@omniture.com
345,Addi,Bread,abread9k@statcounter.com
346,Casie,Paver,cpaver9l@furl.net
347,Andris,Mitcham,amitcham9m@foxnews.com
348,Sterne,Cridge,scridge9n@alexa.com
349,Marylee,Mottershead,mmottershead9o@redcross.org
350,Renaldo,Fotitt,rfotitt9p@liveinternet.ru
351,Sigismundo,Feakins,sfeakins9q@acquirethisname.com
352,Consuela,MacNaughton,cmacnaughton9r@utexas.edu
353,Ariel,Mityukov,amityukov9s@npr.org
354,Ritchie,Dykins,rdykins9t@hc360.com
355,Eirena,Coventry,ecoventry9u@china.com.cn
356,Dacy,Poulett,dpoulett9v@comcast.net
357,Ado,Derill,aderill9w@xinhuanet.com
358,Levey,Goodlud,lgoodlud9x@indiatimes.com
359,Rafaela,Rzehorz,rrzehorz9y@elegantthemes.com
360,Karly,Stenett,kstenett9z@hugedomains.com
361,Cornall,Shiels,cshielsa0@ocn.ne.jp
362,Noami,Sunners,nsunnersa1@ucoz.ru
363,Gustie,Bracknell,gbracknella2@yahoo.com
364,Felicity,Dredge,fdredgea3@nationalgeographic.com
365,Corina,Brok,cbroka4@tuttocitta.it
366,Mattie,Salzberger,msalzbergera5@ameblo.jp
367,Redford,Pinckard,rpinckarda6@naver.com
368,Yul,Elcum,yelcuma7@baidu.com
369,Derwin,Glasby,dglasbya8@histats.com
370,Rois,Hesse,rhessea9@ted.com
371,Kennan,Cappell,kcappellaa@adobe.com
372,Alica,Pentlow,apentlowab@woothemes.com
373,Dulce,Salamon,dsalamonac@ted.com
374,Isis,O'Day,iodayad@gizmodo.com
375,Sascha,Sheals,sshealsae@delicious.com
376,Melany,Muckeen,mmuckeenaf@webmd.com
377,Cobby,Avramovitz,cavramovitzag@lulu.com
378,Wayland,Bonifazio,wbonifazioah@biblegateway.com
379,Trev,Hargreaves,thargreavesai@tinyurl.com
380,Bruce,Secker,bseckeraj@aboutads.info
381,Dena,Piper,dpiperak@jimdo.com
382,Basilius,Estrella,bestrellaal@prweb.com
383,Karina,Noon,knoonam@flavors.me
384,Paulina,Harkins,pharkinsan@epa.gov
385,Charlton,Midden,cmiddenao@ucsd.edu
386,Sarene,Palffrey,spalffreyap@theguardian.com
387,Mitchel,Toma,mtomaaq@com.com
388,Mead,Petrazzi,mpetrazziar@mozilla.org
389,Becka,Alvis,balvisas@intel.com
390,Barrett,Sutworth,bsutworthat@ucsd.edu
391,Geralda,Cleere,gcleereau@paginegialle.it
392,Boone,Eblein,bebleinav@digg.com
393,Melisenda,Life,mlifeaw@ovh.net
394,Al,Dukes,adukesax@ezinearticles.com
395,Lucila,Hune,lhuneay@addtoany.com
396,Norrie,Barehead,nbareheadaz@irs.gov
397,Rowan,Abramowitz,rabramowitzb0@forbes.com
398,Courtney,Murley,cmurleyb1@bing.com
399,Bellina,Trainer,btrainerb2@eepurl.com
400,Nani,Izhaky,nizhakyb3@ovh.net
401,Noland,Meineking,nmeinekingb4@nyu.edu
402,Orly,Beltzner,obeltznerb5@a8.net
403,Zabrina,Shawley,zshawleyb6@imageshack.us
404,Ilise,Heasley,iheasleyb7@goo.gl
405,Dorise,Ivanchikov,divanchikovb8@sphinn.com
406,Gray,Mastrantone,gmastrantoneb9@multiply.com
407,Stearn,Michelmore,smichelmoreba@bravesites.com
408,Ariadne,Mousdall,amousdallbb@addthis.com
409,Aluino,Edwardson,aedwardsonbc@freewebs.com
410,Wiatt,Ferrari,wferraribd@hao123.com
411,Land,Delucia,ldeluciabe@cafepress.com
412,Saba,Orritt,sorrittbf@blogs.com
413,Marilin,Blowing,mblowingbg@is.gd
414,Georgette,Petto,gpettobh@cyberchimps.com
415,Rana,Snelson,rsnelsonbi@huffingtonpost.com
416,Shalna,Sloper,ssloperbj@dyndns.org
417,Gunter,Ragg,graggbk@redcross.org
418,Mannie,Skitteral,mskitteralbl@economist.com
419,Yorke,Van der Beek,yvanderbeekbm@squidoo.com
420,Darin,Terrell,dterrellbn@weebly.com
421,Elston,Shewan,eshewanbo@sciencedaily.com
422,Tomaso,Duggen,tduggenbp@com.com
423,Cristin,Farington,cfaringtonbq@mozilla.com
424,Sydney,Blinkhorn,sblinkhornbr@dell.com
425,William,Benettolo,wbenettolobs@spotify.com
426,Kristine,Hoys,khoysbt@twitpic.com
427,Nat,Colebourne,ncolebournebu@blogs.com
428,Pippa,Eastmead,peastmeadbv@homestead.com
429,Johnnie,Dobbing,jdobbingbw@wired.com
430,Joachim,Howerd,jhowerdbx@alexa.com
431,Hally,Everil,heverilby@ocn.ne.jp
432,Cathie,Bramley,cbramleybz@msu.edu
433,Christiane,Sussams,csussamsc0@thetimes.co.uk
434,Ree,Keatch,rkeatchc1@reverbnation.com
435,Gib,Lowman,glowmanc2@japanpost.jp
436,Kevan,Kinzel,kkinzelc3@blogger.com
437,Jilli,Congram,jcongramc4@harvard.edu
438,Derward,Yushin,dyushinc5@networksolutions.com
439,Connie,Backler,cbacklerc6@twitter.com
440,Aaron,Abramov,aabramovc7@a8.net
441,Adlai,Imlin,aimlinc8@sun.com
442,Simonne,Sedgemond,ssedgemondc9@usa.gov
443,Andrej,Balwin,abalwinca@is.gd
444,Susy,Koene,skoenecb@census.gov
445,Isa,Alban,ialbancc@paginegialle.it
446,Rik,Simoneton,rsimonetoncd@spiegel.de
447,Grazia,Oldroyd,goldroydce@qq.com
448,Flossy,Stag,fstagcf@cnet.com
449,Aigneis,Petriello,apetriellocg@amazon.com
450,Modestine,Scarlon,mscarlonch@reddit.com
451,Renate,Flannery,rflanneryci@economist.com
452,Elayne,Probyn,eprobyncj@ask.com
453,Irvine,Esom,iesomck@tumblr.com
454,Lianne,Cowland,lcowlandcl@walmart.com
455,Binky,Hirtzmann,bhirtzmanncm@zdnet.com
456,Edna,Dufore,eduforecn@merriam-webster.com
457,Betteanne,Remirez,bremirezco@rakuten.co.jp
458,Kania,Balstone,kbalstonecp@chicagotribune.com
459,Florella,Albiston,falbistoncq@joomla.org
460,Cosimo,Tremathack,ctremathackcr@nih.gov
461,Minta,Bernardy,mbernardycs@cloudflare.com
462,Tamma,Lett,tlettct@google.ca
463,Damaris,Grassin,dgrassincu@dion.ne.jp
464,Isidora,Swyer,iswyercv@devhub.com
465,Sonnie,Zanotti,szanotticw@ucoz.ru
466,Mariska,De Meis,mdemeiscx@ehow.com
467,Mort,Lamb,mlambcy@naver.com
468,Sabina,Genn,sgenncz@sakura.ne.jp
469,Roderigo,Bazylets,rbazyletsd0@networksolutions.com
470,Jacquette,Sheddan,jsheddand1@japanpost.jp
471,Ameline,Pilley,apilleyd2@stumbleupon.com
472,Natalee,Secombe,nsecombed3@umich.edu
473,Royall,Lortzing,rlortzingd4@gnu.org
474,Ashton,Waberer,awabererd5@ocn.ne.jp
475,Lizbeth,Chaman,lchamand6@123-reg.co.uk
476,Job,Chesshyre,jchesshyred7@ox.ac.uk
477,Dinnie,Jiruca,djirucad8@wikipedia.org
478,Carr,Reace,creaced9@go.com
479,Rahel,Massei,rmasseida@usgs.gov
480,Hayden,Gambell,hgambelldb@usda.gov
481,Tracey,Doble,tdobledc@bloglines.com
482,Lenore,Cogar,lcogardd@loc.gov
483,Mella,Caltun,mcaltunde@xing.com
484,Cybill,Heddy,cheddydf@washington.edu
485,Wendy,Kiernan,wkiernandg@sbwire.com
486,Hermina,McDermid,hmcdermiddh@soundcloud.com
487,Tait,McCallion,tmccalliondi@mit.edu
488,Barry,Le feaver,blefeaverdj@ustream.tv
489,Issy,Sides,isidesdk@etsy.com
490,Jocelyn,Krelle,jkrelledl@icio.us
491,Avie,Steven,astevendm@twitpic.com
492,Seth,Caville,scavilledn@theglobeandmail.com
493,Aldon,Sansom,asansomdo@nyu.edu
494,Elwyn,Pinckney,epinckneydp@cafepress.com
495,Janella,Buncombe,jbuncombedq@ocn.ne.jp
496,Latrena,Wrates,lwratesdr@wiley.com
497,Trula,Guerrero,tguerrerods@phoca.cz
498,Meade,Borer,mborerdt@youtu.be
499,Jamesy,Tippler,jtipplerdu@yandex.ru
500,Ki,Cash,kcashdv@icio.us
501,Nevile,Greenalf,ngreenalfdw@mlb.com
502,Dukie,Crowne,dcrownedx@twitter.com
503,Clo,Vane,cvanedy@4shared.com
504,Allayne,Wormald,awormalddz@admin.ch
505,Nesta,Girogetti,ngirogettie0@ed.gov
506,Pyotr,Rudkin,prudkine1@theguardian.com
507,Lesly,Monkley,lmonkleye2@earthlink.net
508,Katharine,Jenkin,kjenkine3@hp.com
509,Lenna,Shulem,lshuleme4@ca.gov
510,Di,Mapholm,dmapholme5@newyorker.com
511,Karrah,MacCahee,kmaccaheee6@domainmarket.com
512,Kennett,Prati,kpratie7@ustream.tv
513,Franklin,Fiddeman,ffiddemane8@stanford.edu
514,Emanuel,Hacquard,ehacquarde9@cyberchimps.com
515,Chuck,Worsley,cworsleyea@woothemes.com
516,Kameko,Volett,kvoletteb@example.com
517,Flem,Stocks,fstocksec@washingtonpost.com
518,Ilsa,Grishankov,igrishankoved@usa.gov
519,Bette,Duke,bdukeee@ca.gov
520,Giff,Charpin,gcharpinef@e-recht24.de
521,Elle,Macconaghy,emacconaghyeg@irs.gov
522,Hilda,Rosenkranc,hrosenkranceh@bloglovin.com
523,Gwenora,Stork,gstorkei@icio.us
524,Kerry,Camis,kcamisej@gizmodo.com
525,Erminia,McGunley,emcgunleyek@skyrock.com
526,Christalle,Chsteney,cchsteneyel@edublogs.org
527,Ray,Ossulton,rossultonem@amazon.co.jp
528,Gerhardine,Adami,gadamien@cbslocal.com
529,Brigitta,Pinchon,bpinchoneo@ed.gov
530,Belicia,Baudesson,bbaudessonep@woothemes.com
531,Leese,Mailey,lmaileyeq@wunderground.com
532,Kiah,Pick,kpicker@msu.edu
533,Morgen,Antham,manthames@trellian.com
534,Roderich,Baraja,rbarajaet@ovh.net
535,Hilliard,Nulty,hnultyeu@apache.org
536,Baldwin,Smiths,bsmithsev@oaic.gov.au
537,Sapphira,Vedyasov,svedyasovew@amazonaws.com
538,Waverly,Chick,wchickex@live.com
539,Lynelle,Nicolls,lnicollsey@storify.com
540,Sondra,Raimbauld,sraimbauldez@odnoklassniki.ru
541,Arnoldo,Conkling,aconklingf0@drupal.org
542,Elbert,Assaf,eassaff1@jugem.jp
543,Anne-marie,Watmough,awatmoughf2@sitemeter.com
544,Tobin,Linsey,tlinseyf3@statcounter.com
545,Barb,Sarre,bsarref4@earthlink.net
546,Georas,Skipping,gskippingf5@shutterfly.com
547,Darby,Habercham,dhaberchamf6@meetup.com
548,Perl,Lyptratt,plyptrattf7@businesswire.com
549,Verne,Lovick,vlovickf8@home.pl
550,Aldon,Stoll,astollf9@bizjournals.com
551,Paola,Beechcraft,pbeechcraftfa@cnbc.com
552,Fara,Hazeup,fhazeupfb@chron.com
553,Muriel,Whitwham,mwhitwhamfc@tmall.com
554,Eleanora,McAdam,emcadamfd@theatlantic.com
555,Rivalee,Sallery,rsalleryfe@ifeng.com
556,Jenine,Moroney,jmoroneyff@msn.com
557,Jessa,Fellman,jfellmanfg@google.es
558,Rowe,Donisi,rdonisifh@howstuffworks.com
559,Nev,Boxhill,nboxhillfi@jalbum.net
560,Anabella,Byard,abyardfj@1688.com
561,Kanya,Helsby,khelsbyfk@si.edu
562,Silvester,Cowherd,scowherdfl@t.co
563,Almeta,Murtell,amurtellfm@linkedin.com
564,Luce,Borgnet,lborgnetfn@ebay.com
565,Thain,Duckitt,tduckittfo@mozilla.com
566,Antonetta,Iacopetti,aiacopettifp@smh.com.au
567,Boony,Fogden,bfogdenfq@flavors.me
568,Nessy,Brownscombe,nbrownscombefr@whitehouse.gov
569,Gwendolen,Pattesall,gpattesallfs@sciencedirect.com
570,Isabelita,Roth,irothft@uol.com.br
571,Raeann,Dalinder,rdalinderfu@dell.com
572,Davin,Shewery,dsheweryfv@google.co.jp
573,Ara,Brear,abrearfw@vk.com
574,Molli,Pound,mpoundfx@ocn.ne.jp
575,Betti,Kubczak,bkubczakfy@slideshare.net
576,Cissiee,Turville,cturvillefz@51.la
577,Ami,Tennewell,atennewellg0@4shared.com
578,Dianne,Rappport,drappportg1@instagram.com
579,Jerrilee,Hallbord,jhallbordg2@addthis.com
580,Irita,Phillpotts,iphillpottsg3@github.io
581,Roch,Footer,rfooterg4@senate.gov
582,Davina,Brum,dbrumg5@ehow.com
583,Bonnibelle,McCarle,bmccarleg6@cornell.edu
584,Tessa,Stubbins,tstubbinsg7@surveymonkey.com
585,Pammi,Mallindine,pmallindineg8@chron.com
586,Evvy,Oldroyd,eoldroydg9@deviantart.com
587,Lexy,Klassmann,lklassmannga@ovh.net
588,Guillaume,Brunsdon,gbrunsdongb@upenn.edu
589,Andi,Tellenbach,atellenbachgc@photobucket.com
590,Iris,Axten,iaxtengd@comcast.net
591,Dee,Braithwaite,dbraithwaitege@reference.com
592,Almira,Turban,aturbangf@hubpages.com
593,Bendix,Bulford,bbulfordgg@storify.com
594,Barbe,Allanby,ballanbygh@webnode.com
595,Lutero,Leal,llealgi@apache.org
596,Abra,Martino,amartinogj@goo.gl
597,Brion,Robelow,brobelowgk@furl.net
598,Agace,Krzysztof,akrzysztofgl@deviantart.com
599,Mabelle,Winterburn,mwinterburngm@google.com.au
600,Hal,Deackes,hdeackesgn@slate.com
601,Bernelle,Cowcha,bcowchago@buzzfeed.com
602,Meir,Shearman,mshearmangp@theatlantic.com
603,Hallie,Derobert,hderobertgq@harvard.edu
604,Carmelina,Braunlein,cbraunleingr@reddit.com
605,Virgil,Fendlow,vfendlowgs@youtu.be
606,Ferguson,Lawlan,flawlangt@alexa.com
607,Quent,Belli,qbelligu@hibu.com
608,Birdie,Westgarth,bwestgarthgv@opensource.org
609,Penny,Garey,pgareygw@clickbank.net
610,Jacqui,Blagburn,jblagburngx@wufoo.com
611,Erhard,Rushmer,erushmergy@senate.gov
612,Francoise,O'Hartigan,fohartigangz@blogtalkradio.com
613,Janifer,Cale,jcaleh0@infoseek.co.jp
614,Emlyn,Gathercole,egathercoleh1@wikipedia.org
615,Harrietta,Muckley,hmuckleyh2@vinaora.com
616,Honor,Rameau,hrameauh3@shop-pro.jp
617,Teodora,Kirwin,tkirwinh4@liveinternet.ru
618,Ashlan,MacNish,amacnishh5@ebay.com
619,Frances,Arnoldi,farnoldih6@wix.com
620,Maudie,Seide,mseideh7@t.co
621,Pen,Beneyto,pbeneytoh8@nytimes.com
622,Ogdon,Kowalski,okowalskih9@vimeo.com
623,Garvy,Mumbray,gmumbrayha@senate.gov
624,Burty,Stern,bsternhb@blinklist.com
625,Alan,Lepper,alepperhc@un.org
626,Thadeus,McClosh,tmccloshhd@sourceforge.net
627,Ellie,Kyteley,ekyteleyhe@feedburner.com
628,Christalle,Salvin,csalvinhf@vinaora.com
629,Tadeo,Young,tyounghg@theatlantic.com
630,Fanya,Cranch,fcranchhh@ask.com
631,Abel,Leport,aleporthi@walmart.com
632,Jammal,Coysh,jcoyshhj@issuu.com
633,Doralynne,Beeck,dbeeckhk@accuweather.com
634,Vincents,Peyro,vpeyrohl@tinypic.com
635,Ward,Stone Fewings,wstonefewingshm@businessweek.com
636,Petronia,Guitonneau,pguitonneauhn@alibaba.com
637,Sal,Neilly,sneillyho@gizmodo.com
638,Angie,Chapple,achapplehp@newsvine.com
639,Minni,Selborne,mselbornehq@google.com.br
640,Amil,O'Fallowne,aofallownehr@uiuc.edu
641,Saraann,Shedden,ssheddenhs@china.com.cn
642,Lynda,Wornum,lwornumht@sourceforge.net
643,Yuri,Dovidaitis,ydovidaitishu@drupal.org
644,Rudolph,Amort,ramorthv@flavors.me
645,Analiese,Arend,aarendhw@ihg.com
646,Dylan,Waldie,dwaldiehx@microsoft.com
647,Gayel,Riggott,griggotthy@dedecms.com
648,Anestassia,Magrannell,amagrannellhz@youku.com
649,Sander,Paxton,spaxtoni0@last.fm
650,Kattie,Minot,kminoti1@bbb.org
651,Madelina,Aguirre,maguirrei2@lycos.com
652,Benjamen,Dutnall,bdutnalli3@reddit.com
653,Amber,Whitehorne,awhitehornei4@kickstarter.com
654,Diana,Painswick,dpainswicki5@cafepress.com
655,Prescott,Bachman,pbachmani6@vistaprint.com
656,Tabb,Blaxall,tblaxalli7@theglobeandmail.com
657,Peadar,Drexel,pdrexeli8@t-online.de
658,Deborah,Ickov,dickovi9@multiply.com
659,Hyacintha,Jacqueminot,hjacqueminotia@google.nl
660,Dani,Spry,dspryib@lulu.com
661,Anna-diana,Stollwerk,astollwerkic@google.fr
662,Frances,Wiz,fwizid@cam.ac.uk
663,Jammal,Casali,jcasaliie@google.cn
664,Lavinie,Crawley,lcrawleyif@seesaa.net
665,Minnaminnie,Conduit,mconduitig@bigcartel.com
666,Dorine,Olivera,doliveraih@netvibes.com
667,Toinette,Croley,tcroleyii@google.fr
668,Jourdain,Ortner,jortnerij@twitpic.com
669,Marsha,Vaskov,mvaskovik@ustream.tv
670,Terrie,Wailes,twailesil@wikia.com
671,Daphene,Vasnev,dvasnevim@t.co
672,Vladamir,Lidden,vliddenin@github.io
673,Anderson,Bifield,abifieldio@ucoz.com
674,Kaleena,Karpe,kkarpeip@redcross.org
675,Madelon,Bourthoumieux,mbourthoumieuxiq@photobucket.com
676,Rene,Scammonden,rscammondenir@weebly.com
677,Cristy,Hainning,chainningis@ox.ac.uk
678,Minor,Dennes,mdennesit@vinaora.com
679,Lynett,Hogbourne,lhogbourneiu@ebay.co.uk
680,Aldus,Hinkley,ahinkleyiv@msn.com
681,Taddeusz,MacGill,tmacgilliw@businesswire.com
682,Andros,Ordish,aordishix@addtoany.com
683,Tammie,Saffin,tsaffiniy@nydailynews.com
684,Son,Beardshaw,sbeardshawiz@csmonitor.com
685,Shandra,Gouch,sgouchj0@t-online.de
686,Penny,Weakley,pweakleyj1@blogspot.com
687,Rosette,Mulhall,rmulhallj2@weather.com
688,Ezri,Nucci,enuccij3@engadget.com
689,Terrel,Andrys,tandrysj4@vistaprint.com
690,Sandor,Antonat,santonatj5@php.net
691,Stavro,McSherry,smcsherryj6@fda.gov
692,Nickie,Adnams,nadnamsj7@e-recht24.de
693,Yardley,Doughtery,ydoughteryj8@ocn.ne.jp
694,Hiram,Grisewood,hgrisewoodj9@sun.com
695,Rollin,Cadle,rcadleja@wikia.com
696,Toby,Gipps,tgippsjb@sakura.ne.jp
697,Aylmer,Deason,adeasonjc@mtv.com
698,Mallory,Wardhaw,mwardhawjd@phoca.cz
699,Ritchie,Spread,rspreadje@geocities.jp
700,Bengt,Brassington,bbrassingtonjf@berkeley.edu
701,Lawrence,Coniff,lconiffjg@hibu.com
702,Brooks,Jurczik,bjurczikjh@accuweather.com
703,Montgomery,Vassie,mvassieji@vimeo.com
704,Curr,Lory,cloryjj@google.co.jp
705,Daisey,Kiera,dkierajk@state.gov
706,Jada,Dunwoody,jdunwoodyjl@surveymonkey.com
707,Kristofer,Vasilik,kvasilikjm@china.com.cn
708,Derrek,Pottes,dpottesjn@clickbank.net
709,Hube,Simonin,hsimoninjo@vk.com
710,Tucker,Bottjer,tbottjerjp@smugmug.com
711,Gun,Saltmarsh,gsaltmarshjq@skyrock.com
712,Dickie,Anwyl,danwyljr@nhs.uk
713,Domenic,Boarer,dboarerjs@kickstarter.com
714,Quintin,Quarless,qquarlessjt@biblegateway.com
715,Aleksandr,Alyokhin,aalyokhinju@people.com.cn
716,Matthias,Dorney,mdorneyjv@topsy.com
717,Sibbie,Aronsohn,saronsohnjw@weebly.com
718,Dulsea,Rendle,drendlejx@geocities.jp
719,Sena,Killerby,skillerbyjy@desdev.cn
720,Rinaldo,Yukhin,ryukhinjz@independent.co.uk
721,Anni,Teml,atemlk0@gnu.org
722,Reginald,Masseo,rmasseok1@dedecms.com
723,Sargent,Alyokhin,salyokhink2@reverbnation.com
724,Anabelle,Carbin,acarbink3@mtv.com
725,Genny,Pauley,gpauleyk4@rediff.com
726,Gabriella,Macrow,gmacrowk5@unicef.org
727,Terrel,Cornier,tcornierk6@topsy.com
728,Tersina,Binnion,tbinnionk7@hexun.com
729,Terri,Braben,tbrabenk8@msu.edu
730,Mela,Bertwistle,mbertwistlek9@dell.com
731,Bertina,Gostall,bgostallka@comcast.net
732,Anny,Thebeau,athebeaukb@purevolume.com
733,Aloisia,Byer,abyerkc@ask.com
734,Karoly,Surtees,ksurteeskd@newsvine.com
735,Julia,Spadelli,jspadellike@fotki.com
736,Bordie,Elsmore,belsmorekf@arstechnica.com
737,Marv,Andreichik,mandreichikkg@i2i.jp
738,Sargent,Dilger,sdilgerkh@stanford.edu
739,Joelie,Kimbury,jkimburyki@nifty.com
740,Hamlin,Rany,hranykj@google.com
741,Aeriela,Blaymires,ablaymireskk@ox.ac.uk
742,Kris,Filan,kfilankl@blogtalkradio.com
743,Ethel,Hedylstone,ehedylstonekm@prlog.org
744,Bart,Chancellor,bchancellorkn@dion.ne.jp
745,Olympie,McSaul,omcsaulko@biblegateway.com
746,Tilly,Chaunce,tchauncekp@mozilla.org
747,Germayne,Juza,gjuzakq@diigo.com
748,Igor,McClune,imcclunekr@bloglovin.com
749,Cloe,Grancher,cgrancherks@com.com
750,Brandais,Spottiswoode,bspottiswoodekt@ask.com
751,Marina,Tolcher,mtolcherku@amazon.co.jp
752,Ancell,Ray,araykv@ifeng.com
753,Alyda,Stilling,astillingkw@answers.com
754,Shannah,Giovanazzi,sgiovanazzikx@twitpic.com
755,Romain,Brixey,rbrixeyky@mtv.com
756,Evey,Denson,edensonkz@sciencedirect.com
757,Arielle,Cuppleditch,acuppleditchl0@dyndns.org
758,Chick,Volker,cvolkerl1@jigsy.com
759,Averil,Pullen,apullenl2@theglobeandmail.com
760,Jourdan,Kneal,jkneall3@people.com.cn
761,Thibaud,Knewstubb,tknewstubbl4@walmart.com
762,Tristam,Gooderidge,tgooderidgel5@google.co.jp
763,Wolfy,Witherop,wwitheropl6@cloudflare.com
764,Elonore,McGoogan,emcgooganl7@theatlantic.com
765,Cello,Barstow,cbarstowl8@howstuffworks.com
766,Leta,Zorn,lzornl9@dyndns.org
767,Blythe,Montier,bmontierla@usatoday.com
768,Konstance,Browncey,kbrownceylb@sun.com
769,Ewan,Piggen,epiggenlc@networkadvertising.org
770,Marquita,Gallagher,mgallagherld@nasa.gov
771,Rivy,Moloney,rmoloneyle@state.tx.us
772,Guglielma,McAviy,gmcaviylf@linkedin.com
773,Delly,Gruszecki,dgruszeckilg@meetup.com
774,Kanya,Punyer,kpunyerlh@etsy.com
775,Patton,Bariball,pbariballli@tripod.com
776,Martie,Treweek,mtreweeklj@about.me
777,Donnell,Barok,dbaroklk@issuu.com
778,Delaney,Guilford,dguilfordll@simplemachines.org
779,Kara-lynn,Maginn,kmaginnlm@photobucket.com
780,Anette,Boleyn,aboleynln@samsung.com
781,Heidie,Gennings,hgenningslo@phpbb.com
782,Ardelia,Laming,alaminglp@bravesites.com
783,Pegeen,Tokley,ptokleylq@geocities.com
784,Meta,Rupert,mrupertlr@jimdo.com
785,Rhiamon,Tzuker,rtzukerls@tumblr.com
786,Jacinta,Quakley,jquakleylt@blog.com
787,Gary,Laurens,glaurenslu@wordpress.org
788,Mickie,Sealy,msealylv@pbs.org
789,Justine,Fruchter,jfruchterlw@patch.com
790,Shelba,Ebertz,sebertzlx@diigo.com
791,Bethena,Lodwick,blodwickly@imdb.com
792,Annabella,Dorbon,adorbonlz@furl.net
793,Miltie,Leupold,mleupoldm0@bandcamp.com
794,Boycie,de Savery,bdesaverym1@nsw.gov.au
795,Noll,Bolter,nbolterm2@intel.com
796,Matt,D'Arrigo,mdarrigom3@multiply.com
797,Inna,O'Glassane,ioglassanem4@harvard.edu
798,Kipp,Foxall,kfoxallm5@nasa.gov
799,Morna,Altree,maltreem6@youtu.be
800,Vale,Kalf,vkalfm7@cbsnews.com
801,Somerset,Rivitt,srivittm8@baidu.com
802,Nikki,Birkwood,nbirkwoodm9@opera.com
803,Miof mela,Swift,mswiftma@ow.ly
804,Roxy,Bendon,rbendonmb@ebay.com
805,Kippie,Degan,kdeganmc@nih.gov
806,Carrissa,Bown,cbownmd@oracle.com
807,Leigh,Maidlow,lmaidlowme@huffingtonpost.com
808,Harriot,Soles,hsolesmf@seesaa.net
809,Jermaine,Postlethwaite,jpostlethwaitemg@tinypic.com
810,Trumaine,Bobasch,tbobaschmh@amazonaws.com
811,Daveen,Jugging,djuggingmi@godaddy.com
812,Saul,McGorman,smcgormanmj@unc.edu
813,Allyn,Dyet,adyetmk@adobe.com
814,Garrick,Letchford,gletchfordml@shutterfly.com
815,Gae,D'Aulby,gdaulbymm@ehow.com
816,Beulah,Yesipov,byesipovmn@g.co
817,Lucius,Gilvear,lgilvearmo@jugem.jp
818,Emile,Tuckey,etuckeymp@diigo.com
819,Darlene,Comelli,dcomellimq@w3.org
820,Price,Baldacco,pbaldaccomr@sohu.com
821,Willis,Holberry,wholberryms@yellowbook.com
822,Hailee,Telling,htellingmt@exblog.jp
823,Gustave,Cantos,gcantosmu@geocities.jp
824,Raffarty,St Ange,rstangemv@moonfruit.com
825,Vaughn,Willey,vwilleymw@prlog.org
826,Mortimer,Servant,mservantmx@cbc.ca
827,Corabella,MacFarlane,cmacfarlanemy@rambler.ru
828,Evin,Ruby,erubymz@unblog.fr
829,Faber,Broxton,fbroxtonn0@cmu.edu
830,Alexis,Barnham,abarnhamn1@jigsy.com
831,Blanch,Joburn,bjoburnn2@netvibes.com
832,Ezri,McKendo,emckendon3@google.co.jp
833,Deck,Poytheras,dpoytherasn4@angelfire.com
834,Damiano,O'Malley,domalleyn5@businessinsider.com
835,Faythe,Wehnerr,fwehnerrn6@paypal.com
836,Lynn,Kirsche,lkirschen7@amazonaws.com
837,Marijo,Gerrett,mgerrettn8@zimbio.com
838,Devlen,Erington,deringtonn9@fastcompany.com
839,Krishnah,Moreman,kmoremanna@army.mil
840,Saloma,Cortes,scortesnb@huffingtonpost.com
841,Minnnie,Baltzar,mbaltzarnc@reverbnation.com
842,Abbie,Bust,abustnd@fastcompany.com
843,Cathleen,Jenkinson,cjenkinsonne@rambler.ru
844,Clemence,Weich,cweichnf@vk.com
845,Maiga,Morrison,mmorrisonng@sina.com.cn
846,Mordy,Tamburi,mtamburinh@google.es
847,Clerissa,Bayns,cbaynsni@yolasite.com
848,Chet,Eastcott,ceastcottnj@typepad.com
849,Darla,Slaney,dslaneynk@foxnews.com
850,Blair,Sergison,bsergisonnl@irs.gov
851,Shelba,Robillard,srobillardnm@vimeo.com
852,Pietra,Truwert,ptruwertnn@dropbox.com
853,Phineas,Neath,pneathno@51.la
854,Niles,Riquet,nriquetnp@ed.gov
855,Malory,McCarle,mmccarlenq@theglobeandmail.com
856,Rodge,Askam,raskamnr@marriott.com
857,Clair,Pitkaithly,cpitkaithlyns@smugmug.com
858,Dunc,Dreng,ddrengnt@networksolutions.com
859,Tonnie,Pessel,tpesselnu@ask.com
860,Brennen,Mandeville,bmandevillenv@chron.com
861,Lotti,Slavin,lslavinnw@businesswire.com
862,Gifford,Paty,gpatynx@intel.com
863,Alfons,Holt,aholtny@auda.org.au
864,Merle,Berkely,mberkelynz@ask.com
865,Troy,Albrighton,talbrightono0@constantcontact.com
866,Laurella,Tedahl,ltedahlo1@cbsnews.com
867,Early,Knottley,eknottleyo2@timesonline.co.uk
868,Hernando,Van Oord,hvanoordo3@usatoday.com
869,Reeta,Chamberlain,rchamberlaino4@biblegateway.com
870,Brear,Theuff,btheuffo5@discuz.net
871,Robbert,Doumerc,rdoumerco6@people.com.cn
872,Katusha,Ivanov,kivanovo7@phpbb.com
873,Halimeda,Sorel,hsorelo8@fastcompany.com
874,Darnall,Moller,dmollero9@friendfeed.com
875,Sherwood,Greetland,sgreetlandoa@hostgator.com
876,Josias,Portwaine,jportwaineob@zdnet.com
877,Purcell,Jammet,pjammetoc@kickstarter.com
878,Zelma,Whetton,zwhettonod@gravatar.com
879,Idell,Dow,idowoe@symantec.com
880,Bonnie,Delicate,bdelicateof@microsoft.com
881,Shaine,Gummie,sgummieog@vistaprint.com
882,Salomone,Golthorpp,sgolthorppoh@friendfeed.com
883,Aura,Dower,adoweroi@issuu.com
884,Mattie,Wickson,mwicksonoj@phpbb.com
885,Valida,Yurkiewicz,vyurkiewiczok@xrea.com
886,Erinna,Doughtery,edoughteryol@blogspot.com
887,Charley,Lygo,clygoom@ovh.net
888,Adelice,Deverock,adeverockon@flickr.com
889,Hale,Hankins,hhankinsoo@360.cn
890,Celine,Farlane,cfarlaneop@toplist.cz
891,Jeffie,Rubinsztein,jrubinszteinoq@google.it
892,Susana,Clerke,sclerkeor@thetimes.co.uk
893,Carny,McInally,cmcinallyos@aol.com
894,Gil,Bladon,gbladonot@yahoo.co.jp
895,Luca,Orange,lorangeou@thetimes.co.uk
896,Mahala,Higford,mhigfordov@fotki.com
897,Erie,Lathy,elathyow@squidoo.com
898,George,Novotni,gnovotniox@biglobe.ne.jp
899,Lester,McMakin,lmcmakinoy@issuu.com
900,Austine,Coker,acokeroz@soup.io
901,Shirline,Abella,sabellap0@cnbc.com
902,Marlee,McMakin,mmcmakinp1@deliciousdays.com
903,Dani,Naughton,dnaughtonp2@miitbeian.gov.cn
904,Julian,Bunting,jbuntingp3@fc2.com
905,Julie,Durrans,jdurransp4@walmart.com
906,Elsinore,Cockle,ecocklep5@yahoo.com
907,Carolan,Dillon,cdillonp6@twitter.com
908,Jaine,O'Concannon,joconcannonp7@trellian.com
909,Agnella,MacWhan,amacwhanp8@pagesperso-orange.fr
910,Abran,Probart,aprobartp9@ucoz.ru
911,Thibaut,Kinneir,tkinneirpa@cocolog-nifty.com
912,Edmon,Turk,eturkpb@myspace.com
913,Joby,Seagrave,jseagravepc@ebay.co.uk
914,Pamella,Thorrington,pthorringtonpd@cocolog-nifty.com
915,Frasco,Giovannacc@i,fgiovannaccipe@europa.eu
916,Cassi,Easton,ceastonpf@nhs.uk
917,Hephzibah,O'Callaghan,hocallaghanpg@goo.ne.jp
918,Giles,Neely,gneelyph@surveymonkey.com
919,Vinnie,Acres,vacrespi@seesaa.net
920,Di,Scholard,dscholardpj@umn.edu
921,Juieta,Lummus,jlummuspk@disqus.com
922,Nico,Zemler,nzemlerpl@tumblr.com
923,Abbie,Giacopazzi,agiacopazzipm@usatoday.com
924,Craggie,Janouch,cjanouchpn@epa.gov
925,Alwin,Bigland,abiglandpo@dropbox.com
926,Frederique,Poncet,fponcetpp@chronoengine.com
927,Alexei,Nowell,anowellpq@ftc.gov
928,Miguelita,Shinfield,mshinfieldpr@nasa.gov
929,Trudy,Dunleavy,tdunleavyps@tuttocitta.it
930,Sandro,Knevit,sknevitpt@skype.com
931,Marge,Clewer,mclewerpu@mozilla.org
932,Pauletta,Ingledow,pingledowpv@stanford.edu
933,Dennie,Franies,dfraniespw@tripadvisor.com
934,Truman,Andreia,tandreiapx@meetup.com
935,Mead,Saines,msainespy@latimes.com
936,Muffin,Beamont,mbeamontpz@bandcamp.com
937,Graeme,Jowling,gjowlingq0@opensource.org
938,Archy,Byre,abyreq1@so-net.ne.jp
939,Broderick,Harvie,bharvieq2@trellian.com
940,Micheal,Percy,mpercyq3@youtube.com
941,Leelah,Binder,lbinderq4@imageshack.us
942,Jayme,Beisley,jbeisleyq5@yahoo.co.jp
943,Taber,Mallalieu,tmallalieuq6@vkontakte.ru
944,Demetris,Setter,dsetterq7@altervista.org
945,Krishna,Lippitt,klippittq8@paginegialle.it
946,Louis,Charrette,lcharretteq9@biglobe.ne.jp
947,Bord,Wimes,bwimesqa@simplemachines.org
948,Kristo,Swallow,kswallowqb@liveinternet.ru
949,Mae,Folan,mfolanqc@zimbio.com
950,Revkah,Hentzeler,rhentzelerqd@amazon.de
951,Tim,Coleshill,tcoleshillqe@github.com
952,Letta,Boulstridge,lboulstridgeqf@newyorker.com
953,Lamond,Chomley,lchomleyqg@ftc.gov
954,Ceil,Frankcombe,cfrankcombeqh@army.mil
955,Urson,Cowland,ucowlandqi@delicious.com
956,Mikkel,Swithenby,mswithenbyqj@sina.com.cn
957,Sarah,Kittow,skittowqk@topsy.com
958,Robbin,Vedenyapin,rvedenyapinql@fda.gov
959,Jacquie,Mulroy,jmulroyqm@studiopress.com
960,Maxie,Kiehne,mkiehneqn@comsenz.com
961,Dion,Salzberg,dsalzbergqo@accuweather.com
962,Thorstein,Christley,tchristleyqp@nhs.uk
963,Sigrid,McElmurray,smcelmurrayqq@wufoo.com
964,Kerrie,Naden,knadenqr@samsung.com
965,Rivy,Mickelwright,rmickelwrightqs@printfriendly.com
966,Carmel,Celand,ccelandqt@mozilla.org
967,West,Hartright,whartrightqu@chicagotribune.com
968,Alexandra,Seargeant,aseargeantqv@infoseek.co.jp
969,Lydie,Dingley,ldingleyqw@nhs.uk
970,Chere,Rate,crateqx@buzzfeed.com
971,Harriet,Innott,hinnottqy@mediafire.com
972,Diannne,Chattelaine,dchattelaineqz@livejournal.com
973,Tabb,Pagden,tpagdenr0@guardian.co.uk
974,Milicent,Wight,mwightr1@globo.com
975,Isaiah,Epelett,iepelettr2@wix.com
976,Patton,Rioch,priochr3@about.com
977,Agace,Woolley,awoolleyr4@cocolog-nifty.com
978,Malina,Bussens,mbussensr5@zimbio.com
979,Carmita,Piperley,cpiperleyr6@yelp.com
980,Carolyn,Cutbirth,ccutbirthr7@si.edu
981,Isadora,Doree,idoreer8@google.it
982,Tobin,Heale,thealer9@illinois.edu
983,Mikel,Peaden,mpeadenra@wp.com
984,Hermione,Smith,hsmithrb@thetimes.co.uk
985,Wally,Borthram,wborthramrc@webnode.com
986,Robbin,Allison,rallisonrd@flickr.com
987,Cullen,Bissex,cbissexre@apple.com
988,Des,Spellsworth,dspellsworthrf@hugedomains.com
989,Roberta,Muzzi,rmuzzirg@techcrunch.com
990,Merline,Sellers,msellersrh@paginegialle.it
991,Shayla,Greet,sgreetri@springer.com
992,Mira,Cressingham,mcressinghamrj@netvibes.com
993,Randell,Dreinan,rdreinanrk@smugmug.com
994,Randi,Wiggington,rwiggingtonrl@marketwatch.com
995,Tracee,Tanzer,ttanzerrm@altervista.org
996,Amandie,Mansour,amansourrn@shinystat.com
997,Davy,Clucas,dclucasro@google.fr
998,Alverta,Hamfleet,ahamfleetrp@illinois.edu
999,Rolland,Strugnell,rstrugnellrq@cnn.com
1000,Krishnah,Surplice,ksurplicerr@clickbank.net
Created @ Wed Jan 25 14:04:54 IST 2023